mol_id,reason,retained_id
gdb_58,uncharacterized,
gdb_61,uncharacterized,
gdb_80,uncharacterized,
gdb_185,uncharacterized,
gdb_186,uncharacterized,
gdb_245,uncharacterized,
gdb_267,uncharacterized,
gdb_280,uncharacterized,
gdb_286,uncharacterized,
gdb_752,uncharacterized,
gdb_753,uncharacterized,
gdb_754,uncharacterized,
gdb_755,uncharacterized,
gdb_881,uncharacterized,
gdb_884,uncharacterized,
gdb_885,uncharacterized,
gdb_888,uncharacterized,
gdb_891,uncharacterized,
gdb_894,uncharacterized,
gdb_897,uncharacterized,
gdb_898,uncharacterized,
gdb_906,uncharacterized,
gdb_907,uncharacterized,
gdb_908,uncharacterized,
gdb_914,uncharacterized,
gdb_1003,uncharacterized,
gdb_1102,uncharacterized,
gdb_1115,uncharacterized,
gdb_1117,uncharacterized,
gdb_1126,uncharacterized,
gdb_1129,uncharacterized,
gdb_1232,uncharacterized,
gdb_1259,uncharacterized,
gdb_1265,uncharacterized,
gdb_1281,uncharacterized,
gdb_1284,uncharacterized,
gdb_1290,uncharacterized,
gdb_1584,uncharacterized,
gdb_1585,uncharacterized,
gdb_1588,uncharacterized,
gdb_1596,uncharacterized,
gdb_1600,uncharacterized,
gdb_1637,uncharacterized,
gdb_1645,uncharacterized,
gdb_1652,uncharacterized,
gdb_1654,uncharacterized,
gdb_1675,uncharacterized,
gdb_1680,uncharacterized,
gdb_1684,uncharacterized,
gdb_1685,uncharacterized,
gdb_1686,uncharacterized,
gdb_1806,uncharacterized,
gdb_1994,uncharacterized,
gdb_2356,uncharacterized,
gdb_2357,uncharacterized,
gdb_2386,uncharacterized,
gdb_3704,uncharacterized,
gdb_3751,uncharacterized,
gdb_3763,uncharacterized,
gdb_3771,uncharacterized,
gdb_3773,uncharacterized,
gdb_3831,uncharacterized,
gdb_3838,uncharacterized,
gdb_3842,uncharacterized,
gdb_3885,uncharacterized,
gdb_3886,uncharacterized,
gdb_3891,uncharacterized,
gdb_3895,uncharacterized,
gdb_3899,uncharacterized,
gdb_3941,uncharacterized,
gdb_3945,uncharacterized,
gdb_4010,uncharacterized,
gdb_4232,uncharacterized,
gdb_4239,uncharacterized,
gdb_4240,uncharacterized,
gdb_4266,uncharacterized,
gdb_4267,uncharacterized,
gdb_4276,uncharacterized,
gdb_4277,uncharacterized,
gdb_4278,uncharacterized,
gdb_4290,uncharacterized,
gdb_4291,uncharacterized,
gdb_4292,uncharacterized,
gdb_4293,uncharacterized,
gdb_4303,uncharacterized,
gdb_4329,uncharacterized,
gdb_4392,uncharacterized,
gdb_4395,uncharacterized,
gdb_4396,uncharacterized,
gdb_4422,uncharacterized,
gdb_4423,uncharacterized,
gdb_4427,uncharacterized,
gdb_4429,uncharacterized,
gdb_4430,uncharacterized,
gdb_4435,uncharacterized,
gdb_4436,uncharacterized,
gdb_4439,uncharacterized,
gdb_4441,uncharacterized,
gdb_4444,uncharacterized,
gdb_4445,uncharacterized,
gdb_4450,uncharacterized,
gdb_4451,uncharacterized,
gdb_4555,uncharacterized,
gdb_4558,uncharacterized,
gdb_4561,uncharacterized,
gdb_4607,uncharacterized,
gdb_4613,uncharacterized,
gdb_4623,uncharacterized,
gdb_4625,uncharacterized,
gdb_4626,uncharacterized,
gdb_4627,uncharacterized,
gdb_4628,uncharacterized,
gdb_4629,uncharacterized,
gdb_4635,uncharacterized,
gdb_4636,uncharacterized,
gdb_4807,uncharacterized,
gdb_4871,uncharacterized,
gdb_4872,uncharacterized,
gdb_4876,uncharacterized,
gdb_4879,uncharacterized,
gdb_4880,uncharacterized,
gdb_4883,uncharacterized,
gdb_4885,uncharacterized,
gdb_4888,uncharacterized,
gdb_4891,uncharacterized,
gdb_4892,uncharacterized,
gdb_4895,uncharacterized,
gdb_4898,uncharacterized,
gdb_4899,uncharacterized,
gdb_4939,uncharacterized,
gdb_4940,uncharacterized,
gdb_4997,uncharacterized,
gdb_5003,uncharacterized,
gdb_5006,uncharacterized,
gdb_5011,uncharacterized,
gdb_5013,uncharacterized,
gdb_5014,uncharacterized,
gdb_5016,uncharacterized,
gdb_5020,uncharacterized,
gdb_5023,uncharacterized,
gdb_5026,uncharacterized,
gdb_5032,uncharacterized,
gdb_5034,uncharacterized,
gdb_5040,uncharacterized,
gdb_5100,uncharacterized,
gdb_5101,uncharacterized,
gdb_5279,uncharacterized,
gdb_5280,uncharacterized,
gdb_5281,uncharacterized,
gdb_5292,uncharacterized,
gdb_5367,uncharacterized,
gdb_5370,uncharacterized,
gdb_5373,uncharacterized,
gdb_5374,uncharacterized,
gdb_5418,uncharacterized,
gdb_5419,uncharacterized,
gdb_5557,uncharacterized,
gdb_5598,uncharacterized,
gdb_5599,uncharacterized,
gdb_5631,uncharacterized,
gdb_5642,uncharacterized,
gdb_5730,uncharacterized,
gdb_6006,uncharacterized,
gdb_6009,uncharacterized,
gdb_6035,uncharacterized,
gdb_6036,uncharacterized,
gdb_6037,uncharacterized,
gdb_6041,uncharacterized,
gdb_6044,uncharacterized,
gdb_6061,uncharacterized,
gdb_6062,uncharacterized,
gdb_6063,uncharacterized,
gdb_6073,uncharacterized,
gdb_6074,uncharacterized,
gdb_6081,uncharacterized,
gdb_6093,uncharacterized,
gdb_6096,uncharacterized,
gdb_6103,uncharacterized,
gdb_6245,uncharacterized,
gdb_6253,uncharacterized,
gdb_6314,uncharacterized,
gdb_6324,uncharacterized,
gdb_6330,uncharacterized,
gdb_6344,uncharacterized,
gdb_6346,uncharacterized,
gdb_6358,uncharacterized,
gdb_6360,uncharacterized,
gdb_6385,uncharacterized,
gdb_6398,uncharacterized,
gdb_6401,uncharacterized,
gdb_6402,uncharacterized,
gdb_6406,uncharacterized,
gdb_6407,uncharacterized,
gdb_6408,uncharacterized,
gdb_6493,uncharacterized,
gdb_6497,uncharacterized,
gdb_6665,uncharacterized,
gdb_6684,uncharacterized,
gdb_6723,uncharacterized,
gdb_6726,uncharacterized,
gdb_6733,uncharacterized,
gdb_6742,uncharacterized,
gdb_6751,uncharacterized,
gdb_6755,uncharacterized,
gdb_6773,uncharacterized,
gdb_6776,uncharacterized,
gdb_6779,uncharacterized,
gdb_6790,uncharacterized,
gdb_6791,uncharacterized,
gdb_6792,uncharacterized,
gdb_6793,uncharacterized,
gdb_7120,uncharacterized,
gdb_7207,uncharacterized,
gdb_7215,uncharacterized,
gdb_7224,uncharacterized,
gdb_7225,uncharacterized,
gdb_7234,uncharacterized,
gdb_7235,uncharacterized,
gdb_7236,uncharacterized,
gdb_7237,uncharacterized,
gdb_7238,uncharacterized,
gdb_7245,uncharacterized,
gdb_7301,uncharacterized,
gdb_7306,uncharacterized,
gdb_7316,uncharacterized,
gdb_7323,uncharacterized,
gdb_7328,uncharacterized,
gdb_7333,uncharacterized,
gdb_7337,uncharacterized,
gdb_7339,uncharacterized,
gdb_7360,uncharacterized,
gdb_7365,uncharacterized,
gdb_7370,uncharacterized,
gdb_7376,uncharacterized,
gdb_7377,uncharacterized,
gdb_7380,uncharacterized,
gdb_7384,uncharacterized,
gdb_7385,uncharacterized,
gdb_7401,uncharacterized,
gdb_7403,uncharacterized,
gdb_7404,uncharacterized,
gdb_7410,uncharacterized,
gdb_7417,uncharacterized,
gdb_7419,uncharacterized,
gdb_7421,uncharacterized,
gdb_7423,uncharacterized,
gdb_7426,uncharacterized,
gdb_7431,uncharacterized,
gdb_7441,uncharacterized,
gdb_7446,uncharacterized,
gdb_7447,uncharacterized,
gdb_7448,uncharacterized,
gdb_7449,uncharacterized,
gdb_7452,uncharacterized,
gdb_7566,uncharacterized,
gdb_7568,uncharacterized,
gdb_7573,uncharacterized,
gdb_7574,uncharacterized,
gdb_7575,uncharacterized,
gdb_7576,uncharacterized,
gdb_7606,uncharacterized,
gdb_7616,uncharacterized,
gdb_7617,uncharacterized,
gdb_7618,uncharacterized,
gdb_7629,uncharacterized,
gdb_7649,uncharacterized,
gdb_7858,uncharacterized,
gdb_7866,uncharacterized,
gdb_8233,uncharacterized,
gdb_8234,uncharacterized,
gdb_8235,uncharacterized,
gdb_9196,uncharacterized,
gdb_9320,uncharacterized,
gdb_10144,uncharacterized,
gdb_10249,uncharacterized,
gdb_10250,uncharacterized,
gdb_10283,uncharacterized,
gdb_10289,uncharacterized,
gdb_10293,uncharacterized,
gdb_10295,uncharacterized,
gdb_10322,uncharacterized,
gdb_10340,uncharacterized,
gdb_10343,uncharacterized,
gdb_10348,uncharacterized,
gdb_10353,uncharacterized,
gdb_10668,uncharacterized,
gdb_10712,uncharacterized,
gdb_10718,uncharacterized,
gdb_10719,uncharacterized,
gdb_10720,uncharacterized,
gdb_11346,uncharacterized,
gdb_11388,uncharacterized,
gdb_11608,uncharacterized,
gdb_11609,uncharacterized,
gdb_12916,uncharacterized,
gdb_13472,uncharacterized,
gdb_13481,uncharacterized,
gdb_13515,uncharacterized,
gdb_13518,uncharacterized,
gdb_13523,uncharacterized,
gdb_13527,uncharacterized,
gdb_13528,uncharacterized,
gdb_13529,uncharacterized,
gdb_13530,uncharacterized,
gdb_13572,uncharacterized,
gdb_13584,uncharacterized,
gdb_13759,uncharacterized,
gdb_13798,uncharacterized,
gdb_13805,uncharacterized,
gdb_13806,uncharacterized,
gdb_13807,uncharacterized,
gdb_13840,uncharacterized,
gdb_13850,uncharacterized,
gdb_13851,uncharacterized,
gdb_13858,uncharacterized,
gdb_13865,uncharacterized,
gdb_13866,uncharacterized,
gdb_13906,uncharacterized,
gdb_13912,uncharacterized,
gdb_13913,uncharacterized,
gdb_14120,uncharacterized,
gdb_17373,uncharacterized,
gdb_17600,uncharacterized,
gdb_17601,uncharacterized,
gdb_17602,uncharacterized,
gdb_17603,uncharacterized,
gdb_17639,uncharacterized,
gdb_17649,uncharacterized,
gdb_17650,uncharacterized,
gdb_17651,uncharacterized,
gdb_17838,uncharacterized,
gdb_20390,uncharacterized,
gdb_20398,uncharacterized,
gdb_20482,uncharacterized,
gdb_20490,uncharacterized,
gdb_20560,uncharacterized,
gdb_20562,uncharacterized,
gdb_20642,uncharacterized,
gdb_20652,uncharacterized,
gdb_20662,uncharacterized,
gdb_20679,uncharacterized,
gdb_20680,uncharacterized,
gdb_20682,uncharacterized,
gdb_20683,uncharacterized,
gdb_20684,uncharacterized,
gdb_20692,uncharacterized,
gdb_20718,uncharacterized,
gdb_20740,uncharacterized,
gdb_20853,uncharacterized,
gdb_20903,uncharacterized,
gdb_20915,uncharacterized,
gdb_20923,uncharacterized,
gdb_20925,uncharacterized,
gdb_20983,uncharacterized,
gdb_20984,uncharacterized,
gdb_20985,uncharacterized,
gdb_20986,uncharacterized,
gdb_21017,uncharacterized,
gdb_21018,uncharacterized,
gdb_21036,uncharacterized,
gdb_21047,uncharacterized,
gdb_21056,uncharacterized,
gdb_21058,uncharacterized,
gdb_21081,uncharacterized,
gdb_21083,uncharacterized,
gdb_21091,uncharacterized,
gdb_21110,uncharacterized,
gdb_21114,uncharacterized,
gdb_21119,uncharacterized,
gdb_21120,uncharacterized,
gdb_21127,uncharacterized,
gdb_21133,uncharacterized,
gdb_21134,uncharacterized,
gdb_21136,uncharacterized,
gdb_21165,uncharacterized,
gdb_21216,uncharacterized,
gdb_21217,uncharacterized,
gdb_21282,uncharacterized,
gdb_21294,uncharacterized,
gdb_21364,uncharacterized,
gdb_21400,uncharacterized,
gdb_21401,uncharacterized,
gdb_21402,uncharacterized,
gdb_21409,uncharacterized,
gdb_21410,uncharacterized,
gdb_21415,uncharacterized,
gdb_21418,uncharacterized,
gdb_21420,uncharacterized,
gdb_21423,uncharacterized,
gdb_21430,uncharacterized,
gdb_21433,uncharacterized,
gdb_21434,uncharacterized,
gdb_21435,uncharacterized,
gdb_21436,uncharacterized,
gdb_21438,uncharacterized,
gdb_21442,uncharacterized,
gdb_21464,uncharacterized,
gdb_21478,uncharacterized,
gdb_21480,uncharacterized,
gdb_21481,uncharacterized,
gdb_21482,uncharacterized,
gdb_21483,uncharacterized,
gdb_21485,uncharacterized,
gdb_21486,uncharacterized,
gdb_21487,uncharacterized,
gdb_21488,uncharacterized,
gdb_21489,uncharacterized,
gdb_21490,uncharacterized,
gdb_21491,uncharacterized,
gdb_21492,uncharacterized,
gdb_21493,uncharacterized,
gdb_21521,uncharacterized,
gdb_21534,uncharacterized,
gdb_21535,uncharacterized,
gdb_21555,uncharacterized,
gdb_21567,uncharacterized,
gdb_21578,uncharacterized,
gdb_21588,uncharacterized,
gdb_21596,uncharacterized,
gdb_21610,uncharacterized,
gdb_21611,uncharacterized,
gdb_21620,uncharacterized,
gdb_21664,uncharacterized,
gdb_21716,uncharacterized,
gdb_21717,uncharacterized,
gdb_21718,uncharacterized,
gdb_21719,uncharacterized,
gdb_21720,uncharacterized,
gdb_21721,uncharacterized,
gdb_21725,uncharacterized,
gdb_21726,uncharacterized,
gdb_21727,uncharacterized,
gdb_21728,uncharacterized,
gdb_21729,uncharacterized,
gdb_21730,uncharacterized,
gdb_21732,uncharacterized,
gdb_21741,uncharacterized,
gdb_21748,uncharacterized,
gdb_21758,uncharacterized,
gdb_21764,uncharacterized,
gdb_21838,uncharacterized,
gdb_21857,uncharacterized,
gdb_21859,uncharacterized,
gdb_21860,uncharacterized,
gdb_21866,uncharacterized,
gdb_21867,uncharacterized,
gdb_21869,uncharacterized,
gdb_21870,uncharacterized,
gdb_21875,uncharacterized,
gdb_21898,uncharacterized,
gdb_21938,uncharacterized,
gdb_22090,uncharacterized,
gdb_22093,uncharacterized,
gdb_22097,uncharacterized,
gdb_22111,uncharacterized,
gdb_22229,uncharacterized,
gdb_22230,uncharacterized,
gdb_22231,uncharacterized,
gdb_22249,uncharacterized,
gdb_22265,uncharacterized,
gdb_22452,uncharacterized,
gdb_22465,uncharacterized,
gdb_22469,uncharacterized,
gdb_22471,uncharacterized,
gdb_22472,uncharacterized,
gdb_22492,uncharacterized,
gdb_22498,uncharacterized,
gdb_22499,uncharacterized,
gdb_22543,uncharacterized,
gdb_22681,uncharacterized,
gdb_22971,uncharacterized,
gdb_22972,uncharacterized,
gdb_22973,uncharacterized,
gdb_22979,uncharacterized,
gdb_23066,uncharacterized,
gdb_23140,uncharacterized,
gdb_23149,uncharacterized,
gdb_23152,uncharacterized,
gdb_23615,uncharacterized,
gdb_23619,uncharacterized,
gdb_23620,uncharacterized,
gdb_23621,uncharacterized,
gdb_23625,uncharacterized,
gdb_23626,uncharacterized,
gdb_23627,uncharacterized,
gdb_23628,uncharacterized,
gdb_23631,uncharacterized,
gdb_23632,uncharacterized,
gdb_23633,uncharacterized,
gdb_23639,uncharacterized,
gdb_23641,uncharacterized,
gdb_23698,uncharacterized,
gdb_23699,uncharacterized,
gdb_23700,uncharacterized,
gdb_23724,uncharacterized,
gdb_23725,uncharacterized,
gdb_23729,uncharacterized,
gdb_23763,uncharacterized,
gdb_23771,uncharacterized,
gdb_23775,uncharacterized,
gdb_23777,uncharacterized,
gdb_23778,uncharacterized,
gdb_23780,uncharacterized,
gdb_23790,uncharacterized,
gdb_23793,uncharacterized,
gdb_23794,uncharacterized,
gdb_23795,uncharacterized,
gdb_23799,uncharacterized,
gdb_23814,uncharacterized,
gdb_23819,uncharacterized,
gdb_23822,uncharacterized,
gdb_23823,uncharacterized,
gdb_23828,uncharacterized,
gdb_23833,uncharacterized,
gdb_23839,uncharacterized,
gdb_23841,uncharacterized,
gdb_24774,uncharacterized,
gdb_24775,uncharacterized,
gdb_24776,uncharacterized,
gdb_24781,uncharacterized,
gdb_24782,uncharacterized,
gdb_24788,uncharacterized,
gdb_24789,uncharacterized,
gdb_24790,uncharacterized,
gdb_24791,uncharacterized,
gdb_24792,uncharacterized,
gdb_24793,uncharacterized,
gdb_24796,uncharacterized,
gdb_24797,uncharacterized,
gdb_24800,uncharacterized,
gdb_24813,uncharacterized,
gdb_24814,uncharacterized,
gdb_24815,uncharacterized,
gdb_24816,uncharacterized,
gdb_24817,uncharacterized,
gdb_24871,uncharacterized,
gdb_24874,uncharacterized,
gdb_24875,uncharacterized,
gdb_24877,uncharacterized,
gdb_24878,uncharacterized,
gdb_24879,uncharacterized,
gdb_24887,uncharacterized,
gdb_24916,uncharacterized,
gdb_24917,uncharacterized,
gdb_24918,uncharacterized,
gdb_24919,uncharacterized,
gdb_24920,uncharacterized,
gdb_24921,uncharacterized,
gdb_24922,uncharacterized,
gdb_24923,uncharacterized,
gdb_24924,uncharacterized,
gdb_24925,uncharacterized,
gdb_24926,uncharacterized,
gdb_24927,uncharacterized,
gdb_24928,uncharacterized,
gdb_24929,uncharacterized,
gdb_24930,uncharacterized,
gdb_24931,uncharacterized,
gdb_24932,uncharacterized,
gdb_24970,uncharacterized,
gdb_24971,uncharacterized,
gdb_24972,uncharacterized,
gdb_24973,uncharacterized,
gdb_24974,uncharacterized,
gdb_24975,uncharacterized,
gdb_24976,uncharacterized,
gdb_24977,uncharacterized,
gdb_24978,uncharacterized,
gdb_24979,uncharacterized,
gdb_24980,uncharacterized,
gdb_24981,uncharacterized,
gdb_25013,uncharacterized,
gdb_25014,uncharacterized,
gdb_25015,uncharacterized,
gdb_25016,uncharacterized,
gdb_25017,uncharacterized,
gdb_25018,uncharacterized,
gdb_25019,uncharacterized,
gdb_25020,uncharacterized,
gdb_25021,uncharacterized,
gdb_25022,uncharacterized,
gdb_25023,uncharacterized,
gdb_25024,uncharacterized,
gdb_25059,uncharacterized,
gdb_25060,uncharacterized,
gdb_25061,uncharacterized,
gdb_25062,uncharacterized,
gdb_25063,uncharacterized,
gdb_25064,uncharacterized,
gdb_25076,uncharacterized,
gdb_25079,uncharacterized,
gdb_25082,uncharacterized,
gdb_25083,uncharacterized,
gdb_25084,uncharacterized,
gdb_25131,uncharacterized,
gdb_25155,uncharacterized,
gdb_25158,uncharacterized,
gdb_25159,uncharacterized,
gdb_25165,uncharacterized,
gdb_25167,uncharacterized,
gdb_25168,uncharacterized,
gdb_25171,uncharacterized,
gdb_25172,uncharacterized,
gdb_25328,uncharacterized,
gdb_25329,uncharacterized,
gdb_25330,uncharacterized,
gdb_25331,uncharacterized,
gdb_25332,uncharacterized,
gdb_25338,uncharacterized,
gdb_25339,uncharacterized,
gdb_25342,uncharacterized,
gdb_25383,uncharacterized,
gdb_25384,uncharacterized,
gdb_25385,uncharacterized,
gdb_25388,uncharacterized,
gdb_25389,uncharacterized,
gdb_25400,uncharacterized,
gdb_25402,uncharacterized,
gdb_25404,uncharacterized,
gdb_25435,uncharacterized,
gdb_25441,uncharacterized,
gdb_25442,uncharacterized,
gdb_25461,uncharacterized,
gdb_25462,uncharacterized,
gdb_25463,uncharacterized,
gdb_25464,uncharacterized,
gdb_25465,uncharacterized,
gdb_25524,uncharacterized,
gdb_25525,uncharacterized,
gdb_25526,uncharacterized,
gdb_25527,uncharacterized,
gdb_25528,uncharacterized,
gdb_25529,uncharacterized,
gdb_25530,uncharacterized,
gdb_25531,uncharacterized,
gdb_25533,uncharacterized,
gdb_25536,uncharacterized,
gdb_25551,uncharacterized,
gdb_25680,uncharacterized,
gdb_25683,uncharacterized,
gdb_25684,uncharacterized,
gdb_25729,uncharacterized,
gdb_25731,uncharacterized,
gdb_25734,uncharacterized,
gdb_25755,uncharacterized,
gdb_25757,uncharacterized,
gdb_25779,uncharacterized,
gdb_25781,uncharacterized,
gdb_25783,uncharacterized,
gdb_25784,uncharacterized,
gdb_25785,uncharacterized,
gdb_25809,uncharacterized,
gdb_25813,uncharacterized,
gdb_25817,uncharacterized,
gdb_25819,uncharacterized,
gdb_25820,uncharacterized,
gdb_25829,uncharacterized,
gdb_25841,uncharacterized,
gdb_25842,uncharacterized,
gdb_25853,uncharacterized,
gdb_25856,uncharacterized,
gdb_25860,uncharacterized,
gdb_25861,uncharacterized,
gdb_25862,uncharacterized,
gdb_25863,uncharacterized,
gdb_25866,uncharacterized,
gdb_25883,uncharacterized,
gdb_25885,uncharacterized,
gdb_25886,uncharacterized,
gdb_25902,uncharacterized,
gdb_25903,uncharacterized,
gdb_25931,uncharacterized,
gdb_25937,uncharacterized,
gdb_25939,uncharacterized,
gdb_25941,uncharacterized,
gdb_25942,uncharacterized,
gdb_25943,uncharacterized,
gdb_25945,uncharacterized,
gdb_25974,uncharacterized,
gdb_26122,uncharacterized,
gdb_26153,uncharacterized,
gdb_26154,uncharacterized,
gdb_26187,uncharacterized,
gdb_26229,uncharacterized,
gdb_26230,uncharacterized,
gdb_26293,uncharacterized,
gdb_26296,uncharacterized,
gdb_26297,uncharacterized,
gdb_26300,uncharacterized,
gdb_26303,uncharacterized,
gdb_26304,uncharacterized,
gdb_26307,uncharacterized,
gdb_26310,uncharacterized,
gdb_26323,uncharacterized,
gdb_26324,uncharacterized,
gdb_26349,uncharacterized,
gdb_26375,uncharacterized,
gdb_26528,uncharacterized,
gdb_26539,uncharacterized,
gdb_26540,uncharacterized,
gdb_26547,uncharacterized,
gdb_26549,uncharacterized,
gdb_26556,uncharacterized,
gdb_26558,uncharacterized,
gdb_26567,uncharacterized,
gdb_26580,uncharacterized,
gdb_26581,uncharacterized,
gdb_26592,uncharacterized,
gdb_26593,uncharacterized,
gdb_26594,uncharacterized,
gdb_26600,uncharacterized,
gdb_26602,uncharacterized,
gdb_26846,uncharacterized,
gdb_26855,uncharacterized,
gdb_26873,uncharacterized,
gdb_26877,uncharacterized,
gdb_26894,uncharacterized,
gdb_26904,uncharacterized,
gdb_26921,uncharacterized,
gdb_27011,uncharacterized,
gdb_27014,uncharacterized,
gdb_27015,uncharacterized,
gdb_27016,uncharacterized,
gdb_27017,uncharacterized,
gdb_27021,uncharacterized,
gdb_27024,uncharacterized,
gdb_27025,uncharacterized,
gdb_27026,uncharacterized,
gdb_27027,uncharacterized,
gdb_27037,uncharacterized,
gdb_27038,uncharacterized,
gdb_27043,uncharacterized,
gdb_27044,uncharacterized,
gdb_27294,uncharacterized,
gdb_27307,uncharacterized,
gdb_27309,uncharacterized,
gdb_27311,uncharacterized,
gdb_27314,uncharacterized,
gdb_27315,uncharacterized,
gdb_27323,uncharacterized,
gdb_27329,uncharacterized,
gdb_27335,uncharacterized,
gdb_27336,uncharacterized,
gdb_27343,uncharacterized,
gdb_27361,uncharacterized,
gdb_27363,uncharacterized,
gdb_27364,uncharacterized,
gdb_27365,uncharacterized,
gdb_27366,uncharacterized,
gdb_27367,uncharacterized,
gdb_27368,uncharacterized,
gdb_27389,uncharacterized,
gdb_27390,uncharacterized,
gdb_27391,uncharacterized,
gdb_27392,uncharacterized,
gdb_27402,uncharacterized,
gdb_27403,uncharacterized,
gdb_27475,uncharacterized,
gdb_27493,uncharacterized,
gdb_27800,uncharacterized,
gdb_27802,uncharacterized,
gdb_27804,uncharacterized,
gdb_27814,uncharacterized,
gdb_27824,uncharacterized,
gdb_27825,uncharacterized,
gdb_27828,uncharacterized,
gdb_27863,uncharacterized,
gdb_27870,uncharacterized,
gdb_27871,uncharacterized,
gdb_27974,uncharacterized,
gdb_27975,uncharacterized,
gdb_27978,uncharacterized,
gdb_27979,uncharacterized,
gdb_27982,uncharacterized,
gdb_27983,uncharacterized,
gdb_28339,uncharacterized,
gdb_28345,uncharacterized,
gdb_28357,uncharacterized,
gdb_28362,uncharacterized,
gdb_28364,uncharacterized,
gdb_28366,uncharacterized,
gdb_28369,uncharacterized,
gdb_28375,uncharacterized,
gdb_28376,uncharacterized,
gdb_28384,uncharacterized,
gdb_28403,uncharacterized,
gdb_28411,uncharacterized,
gdb_29126,uncharacterized,
gdb_29133,uncharacterized,
gdb_29135,uncharacterized,
gdb_29146,uncharacterized,
gdb_29150,uncharacterized,
gdb_29152,uncharacterized,
gdb_29157,uncharacterized,
gdb_29159,uncharacterized,
gdb_29168,uncharacterized,
gdb_29169,uncharacterized,
gdb_29170,uncharacterized,
gdb_29172,uncharacterized,
gdb_29174,uncharacterized,
gdb_29176,uncharacterized,
gdb_29178,uncharacterized,
gdb_29180,uncharacterized,
gdb_29213,uncharacterized,
gdb_29240,uncharacterized,
gdb_29251,uncharacterized,
gdb_29260,uncharacterized,
gdb_29558,uncharacterized,
gdb_29561,uncharacterized,
gdb_29564,uncharacterized,
gdb_29566,uncharacterized,
gdb_29624,uncharacterized,
gdb_29626,uncharacterized,
gdb_29639,uncharacterized,
gdb_29640,uncharacterized,
gdb_29641,uncharacterized,
gdb_29642,uncharacterized,
gdb_29643,uncharacterized,
gdb_29644,uncharacterized,
gdb_29645,uncharacterized,
gdb_29646,uncharacterized,
gdb_29663,uncharacterized,
gdb_29664,uncharacterized,
gdb_29668,uncharacterized,
gdb_29675,uncharacterized,
gdb_29677,uncharacterized,
gdb_29846,uncharacterized,
gdb_29847,uncharacterized,
gdb_29851,uncharacterized,
gdb_29865,uncharacterized,
gdb_29866,uncharacterized,
gdb_29867,uncharacterized,
gdb_29871,uncharacterized,
gdb_29880,uncharacterized,
gdb_29881,uncharacterized,
gdb_29947,uncharacterized,
gdb_29951,uncharacterized,
gdb_29953,uncharacterized,
gdb_29961,uncharacterized,
gdb_30048,uncharacterized,
gdb_30202,uncharacterized,
gdb_30230,uncharacterized,
gdb_30232,uncharacterized,
gdb_30234,uncharacterized,
gdb_30372,uncharacterized,
gdb_30373,uncharacterized,
gdb_30375,uncharacterized,
gdb_30390,uncharacterized,
gdb_30396,uncharacterized,
gdb_30397,uncharacterized,
gdb_30398,uncharacterized,
gdb_30399,uncharacterized,
gdb_30401,uncharacterized,
gdb_30406,uncharacterized,
gdb_30408,uncharacterized,
gdb_30409,uncharacterized,
gdb_30412,uncharacterized,
gdb_30435,uncharacterized,
gdb_30443,uncharacterized,
gdb_30449,uncharacterized,
gdb_30457,uncharacterized,
gdb_30462,uncharacterized,
gdb_30465,uncharacterized,
gdb_30476,uncharacterized,
gdb_30477,uncharacterized,
gdb_30488,uncharacterized,
gdb_30490,uncharacterized,
gdb_30493,uncharacterized,
gdb_30495,uncharacterized,
gdb_30499,uncharacterized,
gdb_30509,uncharacterized,
gdb_30510,uncharacterized,
gdb_30516,uncharacterized,
gdb_30548,uncharacterized,
gdb_30549,uncharacterized,
gdb_30553,uncharacterized,
gdb_30706,uncharacterized,
gdb_30713,uncharacterized,
gdb_30762,uncharacterized,
gdb_30763,uncharacterized,
gdb_30787,uncharacterized,
gdb_30788,uncharacterized,
gdb_30798,uncharacterized,
gdb_30902,uncharacterized,
gdb_30903,uncharacterized,
gdb_30904,uncharacterized,
gdb_30928,uncharacterized,
gdb_30929,uncharacterized,
gdb_30932,uncharacterized,
gdb_30933,uncharacterized,
gdb_30936,uncharacterized,
gdb_30939,uncharacterized,
gdb_30940,uncharacterized,
gdb_30945,uncharacterized,
gdb_30946,uncharacterized,
gdb_30949,uncharacterized,
gdb_30951,uncharacterized,
gdb_30953,uncharacterized,
gdb_30955,uncharacterized,
gdb_30956,uncharacterized,
gdb_30959,uncharacterized,
gdb_30961,uncharacterized,
gdb_30962,uncharacterized,
gdb_30967,uncharacterized,
gdb_30968,uncharacterized,
gdb_30973,uncharacterized,
gdb_30974,uncharacterized,
gdb_30977,uncharacterized,
gdb_30980,uncharacterized,
gdb_30984,uncharacterized,
gdb_30986,uncharacterized,
gdb_30989,uncharacterized,
gdb_30990,uncharacterized,
gdb_30993,uncharacterized,
gdb_30994,uncharacterized,
gdb_30995,uncharacterized,
gdb_30996,uncharacterized,
gdb_30998,uncharacterized,
gdb_31000,uncharacterized,
gdb_31007,uncharacterized,
gdb_31013,uncharacterized,
gdb_31107,uncharacterized,
gdb_31109,uncharacterized,
gdb_31110,uncharacterized,
gdb_31111,uncharacterized,
gdb_31112,uncharacterized,
gdb_31115,uncharacterized,
gdb_31125,uncharacterized,
gdb_31170,uncharacterized,
gdb_31171,uncharacterized,
gdb_31344,uncharacterized,
gdb_31345,uncharacterized,
gdb_31351,uncharacterized,
gdb_31352,uncharacterized,
gdb_31356,uncharacterized,
gdb_31361,uncharacterized,
gdb_31362,uncharacterized,
gdb_31363,uncharacterized,
gdb_31369,uncharacterized,
gdb_31374,uncharacterized,
gdb_31375,uncharacterized,
gdb_31376,uncharacterized,
gdb_31377,uncharacterized,
gdb_31383,uncharacterized,
gdb_31384,uncharacterized,
gdb_31389,uncharacterized,
gdb_31391,uncharacterized,
gdb_31392,uncharacterized,
gdb_31395,uncharacterized,
gdb_31396,uncharacterized,
gdb_31401,uncharacterized,
gdb_31408,uncharacterized,
gdb_31409,uncharacterized,
gdb_31420,uncharacterized,
gdb_31422,uncharacterized,
gdb_31434,uncharacterized,
gdb_31435,uncharacterized,
gdb_31441,uncharacterized,
gdb_31503,uncharacterized,
gdb_31599,uncharacterized,
gdb_31625,uncharacterized,
gdb_31629,uncharacterized,
gdb_31631,uncharacterized,
gdb_31633,uncharacterized,
gdb_32005,uncharacterized,
gdb_32017,uncharacterized,
gdb_32018,uncharacterized,
gdb_32021,uncharacterized,
gdb_32035,uncharacterized,
gdb_32053,uncharacterized,
gdb_32067,uncharacterized,
gdb_32068,uncharacterized,
gdb_32275,uncharacterized,
gdb_32288,uncharacterized,
gdb_32294,uncharacterized,
gdb_32297,uncharacterized,
gdb_32303,uncharacterized,
gdb_32305,uncharacterized,
gdb_32307,uncharacterized,
gdb_32309,uncharacterized,
gdb_32319,uncharacterized,
gdb_32324,uncharacterized,
gdb_32326,uncharacterized,
gdb_32327,uncharacterized,
gdb_32332,uncharacterized,
gdb_32346,uncharacterized,
gdb_32352,uncharacterized,
gdb_32356,uncharacterized,
gdb_32362,uncharacterized,
gdb_32366,uncharacterized,
gdb_32410,uncharacterized,
gdb_32464,uncharacterized,
gdb_32543,uncharacterized,
gdb_32546,uncharacterized,
gdb_32552,uncharacterized,
gdb_32559,uncharacterized,
gdb_32563,uncharacterized,
gdb_32564,uncharacterized,
gdb_32565,uncharacterized,
gdb_32604,uncharacterized,
gdb_32607,uncharacterized,
gdb_32610,uncharacterized,
gdb_32612,uncharacterized,
gdb_32615,uncharacterized,
gdb_32670,uncharacterized,
gdb_32689,uncharacterized,
gdb_32692,uncharacterized,
gdb_32705,uncharacterized,
gdb_32760,uncharacterized,
gdb_32813,uncharacterized,
gdb_32814,uncharacterized,
gdb_32826,uncharacterized,
gdb_32827,uncharacterized,
gdb_32866,uncharacterized,
gdb_32885,uncharacterized,
gdb_32942,uncharacterized,
gdb_32943,uncharacterized,
gdb_32964,uncharacterized,
gdb_32965,uncharacterized,
gdb_33034,uncharacterized,
gdb_33037,uncharacterized,
gdb_33038,uncharacterized,
gdb_33041,uncharacterized,
gdb_33043,uncharacterized,
gdb_33046,uncharacterized,
gdb_33049,uncharacterized,
gdb_33050,uncharacterized,
gdb_33053,uncharacterized,
gdb_33056,uncharacterized,
gdb_33057,uncharacterized,
gdb_33060,uncharacterized,
gdb_33063,uncharacterized,
gdb_33064,uncharacterized,
gdb_33101,uncharacterized,
gdb_33102,uncharacterized,
gdb_33115,uncharacterized,
gdb_33116,uncharacterized,
gdb_33137,uncharacterized,
gdb_33145,uncharacterized,
gdb_33174,uncharacterized,
gdb_33177,uncharacterized,
gdb_36995,uncharacterized,
gdb_36996,uncharacterized,
gdb_36997,uncharacterized,
gdb_36999,uncharacterized,
gdb_37079,uncharacterized,
gdb_37080,uncharacterized,
gdb_37081,uncharacterized,
gdb_37082,uncharacterized,
gdb_37604,uncharacterized,
gdb_37605,uncharacterized,
gdb_37606,uncharacterized,
gdb_37607,uncharacterized,
gdb_37608,uncharacterized,
gdb_37750,uncharacterized,
gdb_37751,uncharacterized,
gdb_37752,uncharacterized,
gdb_37754,uncharacterized,
gdb_37755,uncharacterized,
gdb_37757,uncharacterized,
gdb_37758,uncharacterized,
gdb_37759,uncharacterized,
gdb_37760,uncharacterized,
gdb_37761,uncharacterized,
gdb_37843,uncharacterized,
gdb_37845,uncharacterized,
gdb_37991,uncharacterized,
gdb_37992,uncharacterized,
gdb_37993,uncharacterized,
gdb_38078,uncharacterized,
gdb_38079,uncharacterized,
gdb_38080,uncharacterized,
gdb_38081,uncharacterized,
gdb_38082,uncharacterized,
gdb_38083,uncharacterized,
gdb_38084,uncharacterized,
gdb_38085,uncharacterized,
gdb_38175,uncharacterized,
gdb_38176,uncharacterized,
gdb_38177,uncharacterized,
gdb_38178,uncharacterized,
gdb_38196,uncharacterized,
gdb_38197,uncharacterized,
gdb_38199,uncharacterized,
gdb_38361,uncharacterized,
gdb_38365,uncharacterized,
gdb_39169,uncharacterized,
gdb_39170,uncharacterized,
gdb_39172,uncharacterized,
gdb_39173,uncharacterized,
gdb_39175,uncharacterized,
gdb_39176,uncharacterized,
gdb_39177,uncharacterized,
gdb_39178,uncharacterized,
gdb_39179,uncharacterized,
gdb_39180,uncharacterized,
gdb_39181,uncharacterized,
gdb_39182,uncharacterized,
gdb_39183,uncharacterized,
gdb_39184,uncharacterized,
gdb_39185,uncharacterized,
gdb_39186,uncharacterized,
gdb_39187,uncharacterized,
gdb_39188,uncharacterized,
gdb_39189,uncharacterized,
gdb_41211,uncharacterized,
gdb_41212,uncharacterized,
gdb_41213,uncharacterized,
gdb_41215,uncharacterized,
gdb_41216,uncharacterized,
gdb_41217,uncharacterized,
gdb_41218,uncharacterized,
gdb_41219,uncharacterized,
gdb_41220,uncharacterized,
gdb_41221,uncharacterized,
gdb_41222,uncharacterized,
gdb_41223,uncharacterized,
gdb_41224,uncharacterized,
gdb_41225,uncharacterized,
gdb_41226,uncharacterized,
gdb_42058,uncharacterized,
gdb_42059,uncharacterized,
gdb_42065,uncharacterized,
gdb_42223,uncharacterized,
gdb_42244,uncharacterized,
gdb_42245,uncharacterized,
gdb_42246,uncharacterized,
gdb_42247,uncharacterized,
gdb_42479,uncharacterized,
gdb_43210,uncharacterized,
gdb_43241,uncharacterized,
gdb_43243,uncharacterized,
gdb_43420,uncharacterized,
gdb_43520,uncharacterized,
gdb_44405,uncharacterized,
gdb_44531,uncharacterized,
gdb_45545,uncharacterized,
gdb_45927,uncharacterized,
gdb_48089,uncharacterized,
gdb_48100,uncharacterized,
gdb_48101,uncharacterized,
gdb_49350,uncharacterized,
gdb_49351,uncharacterized,
gdb_49352,uncharacterized,
gdb_49359,uncharacterized,
gdb_49360,uncharacterized,
gdb_49365,uncharacterized,
gdb_49481,uncharacterized,
gdb_49673,uncharacterized,
gdb_49674,uncharacterized,
gdb_49687,uncharacterized,
gdb_49699,uncharacterized,
gdb_49700,uncharacterized,
gdb_49704,uncharacterized,
gdb_49942,uncharacterized,
gdb_49943,uncharacterized,
gdb_49944,uncharacterized,
gdb_49957,uncharacterized,
gdb_49958,uncharacterized,
gdb_49967,uncharacterized,
gdb_50014,uncharacterized,
gdb_50017,uncharacterized,
gdb_50056,uncharacterized,
gdb_50067,uncharacterized,
gdb_50833,uncharacterized,
gdb_51300,uncharacterized,
gdb_52008,uncharacterized,
gdb_52217,uncharacterized,
gdb_52544,uncharacterized,
gdb_52606,uncharacterized,
gdb_52701,uncharacterized,
gdb_53466,uncharacterized,
gdb_53496,uncharacterized,
gdb_53686,uncharacterized,
gdb_53730,uncharacterized,
gdb_53740,uncharacterized,
gdb_53747,uncharacterized,
gdb_53748,uncharacterized,
gdb_53769,uncharacterized,
gdb_53772,uncharacterized,
gdb_53773,uncharacterized,
gdb_53777,uncharacterized,
gdb_53781,uncharacterized,
gdb_53782,uncharacterized,
gdb_53786,uncharacterized,
gdb_53790,uncharacterized,
gdb_53792,uncharacterized,
gdb_53798,uncharacterized,
gdb_53800,uncharacterized,
gdb_53802,uncharacterized,
gdb_53804,uncharacterized,
gdb_53811,uncharacterized,
gdb_53812,uncharacterized,
gdb_53813,uncharacterized,
gdb_53814,uncharacterized,
gdb_53822,uncharacterized,
gdb_53831,uncharacterized,
gdb_53832,uncharacterized,
gdb_53833,uncharacterized,
gdb_53834,uncharacterized,
gdb_53835,uncharacterized,
gdb_53836,uncharacterized,
gdb_53855,uncharacterized,
gdb_53856,uncharacterized,
gdb_53857,uncharacterized,
gdb_53858,uncharacterized,
gdb_53859,uncharacterized,
gdb_53860,uncharacterized,
gdb_53878,uncharacterized,
gdb_53879,uncharacterized,
gdb_53880,uncharacterized,
gdb_53881,uncharacterized,
gdb_53882,uncharacterized,
gdb_53883,uncharacterized,
gdb_53896,uncharacterized,
gdb_53923,uncharacterized,
gdb_53925,uncharacterized,
gdb_53926,uncharacterized,
gdb_53927,uncharacterized,
gdb_53928,uncharacterized,
gdb_53929,uncharacterized,
gdb_53939,uncharacterized,
gdb_53941,uncharacterized,
gdb_53943,uncharacterized,
gdb_53944,uncharacterized,
gdb_53954,uncharacterized,
gdb_53957,uncharacterized,
gdb_53958,uncharacterized,
gdb_53959,uncharacterized,
gdb_53969,uncharacterized,
gdb_53971,uncharacterized,
gdb_53980,uncharacterized,
gdb_53991,uncharacterized,
gdb_53992,uncharacterized,
gdb_53998,uncharacterized,
gdb_54013,uncharacterized,
gdb_54016,uncharacterized,
gdb_54019,uncharacterized,
gdb_54021,uncharacterized,
gdb_54022,uncharacterized,
gdb_54023,uncharacterized,
gdb_54033,uncharacterized,
gdb_54055,uncharacterized,
gdb_54056,uncharacterized,
gdb_54070,uncharacterized,
gdb_54078,uncharacterized,
gdb_54079,uncharacterized,
gdb_54082,uncharacterized,
gdb_54085,uncharacterized,
gdb_54099,uncharacterized,
gdb_54108,uncharacterized,
gdb_54109,uncharacterized,
gdb_54110,uncharacterized,
gdb_54111,uncharacterized,
gdb_54123,uncharacterized,
gdb_54125,uncharacterized,
gdb_54132,uncharacterized,
gdb_54145,uncharacterized,
gdb_54149,uncharacterized,
gdb_54150,uncharacterized,
gdb_54151,uncharacterized,
gdb_54153,uncharacterized,
gdb_54172,uncharacterized,
gdb_54179,uncharacterized,
gdb_54198,uncharacterized,
gdb_54205,uncharacterized,
gdb_54206,uncharacterized,
gdb_54207,uncharacterized,
gdb_54208,uncharacterized,
gdb_54213,uncharacterized,
gdb_54216,uncharacterized,
gdb_54235,uncharacterized,
gdb_54244,uncharacterized,
gdb_54250,uncharacterized,
gdb_54252,uncharacterized,
gdb_54255,uncharacterized,
gdb_54264,uncharacterized,
gdb_54266,uncharacterized,
gdb_54269,uncharacterized,
gdb_54273,uncharacterized,
gdb_54274,uncharacterized,
gdb_54275,uncharacterized,
gdb_54276,uncharacterized,
gdb_54295,uncharacterized,
gdb_54296,uncharacterized,
gdb_54297,uncharacterized,
gdb_54298,uncharacterized,
gdb_54322,uncharacterized,
gdb_54335,uncharacterized,
gdb_54344,uncharacterized,
gdb_54353,uncharacterized,
gdb_54354,uncharacterized,
gdb_54379,uncharacterized,
gdb_54387,uncharacterized,
gdb_54411,uncharacterized,
gdb_54424,uncharacterized,
gdb_54431,uncharacterized,
gdb_54432,uncharacterized,
gdb_54433,uncharacterized,
gdb_54449,uncharacterized,
gdb_54486,uncharacterized,
gdb_54502,uncharacterized,
gdb_54515,uncharacterized,
gdb_54536,uncharacterized,
gdb_54537,uncharacterized,
gdb_54539,uncharacterized,
gdb_54540,uncharacterized,
gdb_54549,uncharacterized,
gdb_54568,uncharacterized,
gdb_54583,uncharacterized,
gdb_54600,uncharacterized,
gdb_54601,uncharacterized,
gdb_54602,uncharacterized,
gdb_54603,uncharacterized,
gdb_54620,uncharacterized,
gdb_54649,uncharacterized,
gdb_54656,uncharacterized,
gdb_54673,uncharacterized,
gdb_54678,uncharacterized,
gdb_54707,uncharacterized,
gdb_54722,uncharacterized,
gdb_54753,uncharacterized,
gdb_54754,uncharacterized,
gdb_54763,uncharacterized,
gdb_54769,uncharacterized,
gdb_54770,uncharacterized,
gdb_54785,uncharacterized,
gdb_54803,uncharacterized,
gdb_54811,uncharacterized,
gdb_54822,uncharacterized,
gdb_54823,uncharacterized,
gdb_54834,uncharacterized,
gdb_54836,uncharacterized,
gdb_54840,uncharacterized,
gdb_54841,uncharacterized,
gdb_54842,uncharacterized,
gdb_54843,uncharacterized,
gdb_54858,uncharacterized,
gdb_54859,uncharacterized,
gdb_54874,uncharacterized,
gdb_54886,uncharacterized,
gdb_54887,uncharacterized,
gdb_54896,uncharacterized,
gdb_54904,uncharacterized,
gdb_54911,uncharacterized,
gdb_54914,uncharacterized,
gdb_54931,uncharacterized,
gdb_54942,uncharacterized,
gdb_54943,uncharacterized,
gdb_54965,uncharacterized,
gdb_54995,uncharacterized,
gdb_54996,uncharacterized,
gdb_54997,uncharacterized,
gdb_54998,uncharacterized,
gdb_55008,uncharacterized,
gdb_55009,uncharacterized,
gdb_55010,uncharacterized,
gdb_55011,uncharacterized,
gdb_55042,uncharacterized,
gdb_55079,uncharacterized,
gdb_55091,uncharacterized,
gdb_55097,uncharacterized,
gdb_55111,uncharacterized,
gdb_55112,uncharacterized,
gdb_55124,uncharacterized,
gdb_55131,uncharacterized,
gdb_55132,uncharacterized,
gdb_55133,uncharacterized,
gdb_55144,uncharacterized,
gdb_55147,uncharacterized,
gdb_55157,uncharacterized,
gdb_55165,uncharacterized,
gdb_55166,uncharacterized,
gdb_55188,uncharacterized,
gdb_55189,uncharacterized,
gdb_55191,uncharacterized,
gdb_55192,uncharacterized,
gdb_55193,uncharacterized,
gdb_55199,uncharacterized,
gdb_55202,uncharacterized,
gdb_55203,uncharacterized,
gdb_55204,uncharacterized,
gdb_55210,uncharacterized,
gdb_55233,uncharacterized,
gdb_55234,uncharacterized,
gdb_55253,uncharacterized,
gdb_55254,uncharacterized,
gdb_55255,uncharacterized,
gdb_55256,uncharacterized,
gdb_55257,uncharacterized,
gdb_55264,uncharacterized,
gdb_55270,uncharacterized,
gdb_55271,uncharacterized,
gdb_55281,uncharacterized,
gdb_55283,uncharacterized,
gdb_55285,uncharacterized,
gdb_55286,uncharacterized,
gdb_55287,uncharacterized,
gdb_55289,uncharacterized,
gdb_55311,uncharacterized,
gdb_55312,uncharacterized,
gdb_55313,uncharacterized,
gdb_55314,uncharacterized,
gdb_55315,uncharacterized,
gdb_55336,uncharacterized,
gdb_55337,uncharacterized,
gdb_55338,uncharacterized,
gdb_55349,uncharacterized,
gdb_55350,uncharacterized,
gdb_55351,uncharacterized,
gdb_55372,uncharacterized,
gdb_55373,uncharacterized,
gdb_55374,uncharacterized,
gdb_55375,uncharacterized,
gdb_55376,uncharacterized,
gdb_55384,uncharacterized,
gdb_55387,uncharacterized,
gdb_55398,uncharacterized,
gdb_55399,uncharacterized,
gdb_55420,uncharacterized,
gdb_55421,uncharacterized,
gdb_55438,uncharacterized,
gdb_55449,uncharacterized,
gdb_55451,uncharacterized,
gdb_55463,uncharacterized,
gdb_55475,uncharacterized,
gdb_55478,uncharacterized,
gdb_55480,uncharacterized,
gdb_55484,uncharacterized,
gdb_55485,uncharacterized,
gdb_55501,uncharacterized,
gdb_55504,uncharacterized,
gdb_55508,uncharacterized,
gdb_55510,uncharacterized,
gdb_55514,uncharacterized,
gdb_55516,uncharacterized,
gdb_55517,uncharacterized,
gdb_55518,uncharacterized,
gdb_55519,uncharacterized,
gdb_55520,uncharacterized,
gdb_55521,uncharacterized,
gdb_55544,uncharacterized,
gdb_55545,uncharacterized,
gdb_55546,uncharacterized,
gdb_55558,uncharacterized,
gdb_55569,uncharacterized,
gdb_55570,uncharacterized,
gdb_55595,uncharacterized,
gdb_55596,uncharacterized,
gdb_55597,uncharacterized,
gdb_55598,uncharacterized,
gdb_55610,uncharacterized,
gdb_55645,uncharacterized,
gdb_55677,uncharacterized,
gdb_55692,uncharacterized,
gdb_55693,uncharacterized,
gdb_55700,uncharacterized,
gdb_55702,uncharacterized,
gdb_55703,uncharacterized,
gdb_55753,uncharacterized,
gdb_55775,uncharacterized,
gdb_55776,uncharacterized,
gdb_55790,uncharacterized,
gdb_55791,uncharacterized,
gdb_55810,uncharacterized,
gdb_55811,uncharacterized,
gdb_55812,uncharacterized,
gdb_55830,uncharacterized,
gdb_55846,uncharacterized,
gdb_55863,uncharacterized,
gdb_55865,uncharacterized,
gdb_55910,uncharacterized,
gdb_55945,uncharacterized,
gdb_55946,uncharacterized,
gdb_55947,uncharacterized,
gdb_55962,uncharacterized,
gdb_55963,uncharacterized,
gdb_55998,uncharacterized,
gdb_55999,uncharacterized,
gdb_56014,uncharacterized,
gdb_56015,uncharacterized,
gdb_56016,uncharacterized,
gdb_56040,uncharacterized,
gdb_56041,uncharacterized,
gdb_56042,uncharacterized,
gdb_56044,uncharacterized,
gdb_56050,uncharacterized,
gdb_56055,uncharacterized,
gdb_56072,uncharacterized,
gdb_56108,uncharacterized,
gdb_56121,uncharacterized,
gdb_56148,uncharacterized,
gdb_56150,uncharacterized,
gdb_56170,uncharacterized,
gdb_56174,uncharacterized,
gdb_56184,uncharacterized,
gdb_56212,uncharacterized,
gdb_56213,uncharacterized,
gdb_56214,uncharacterized,
gdb_56215,uncharacterized,
gdb_56216,uncharacterized,
gdb_56217,uncharacterized,
gdb_56218,uncharacterized,
gdb_56219,uncharacterized,
gdb_56220,uncharacterized,
gdb_56221,uncharacterized,
gdb_56232,uncharacterized,
gdb_56237,uncharacterized,
gdb_56238,uncharacterized,
gdb_56239,uncharacterized,
gdb_56240,uncharacterized,
gdb_56241,uncharacterized,
gdb_56246,uncharacterized,
gdb_56277,uncharacterized,
gdb_56278,uncharacterized,
gdb_56279,uncharacterized,
gdb_56280,uncharacterized,
gdb_56281,uncharacterized,
gdb_56308,uncharacterized,
gdb_56309,uncharacterized,
gdb_56310,uncharacterized,
gdb_56344,uncharacterized,
gdb_56345,uncharacterized,
gdb_56395,uncharacterized,
gdb_56428,uncharacterized,
gdb_56430,uncharacterized,
gdb_56431,uncharacterized,
gdb_56432,uncharacterized,
gdb_56542,uncharacterized,
gdb_56554,uncharacterized,
gdb_56563,uncharacterized,
gdb_56564,uncharacterized,
gdb_56567,uncharacterized,
gdb_57127,uncharacterized,
gdb_57166,uncharacterized,
gdb_57167,uncharacterized,
gdb_57178,uncharacterized,
gdb_57189,uncharacterized,
gdb_57190,uncharacterized,
gdb_57192,uncharacterized,
gdb_57193,uncharacterized,
gdb_57194,uncharacterized,
gdb_57210,uncharacterized,
gdb_57211,uncharacterized,
gdb_57212,uncharacterized,
gdb_57214,uncharacterized,
gdb_57216,uncharacterized,
gdb_57221,uncharacterized,
gdb_57222,uncharacterized,
gdb_57223,uncharacterized,
gdb_57798,uncharacterized,
gdb_57928,uncharacterized,
gdb_57942,uncharacterized,
gdb_57945,uncharacterized,
gdb_57981,uncharacterized,
gdb_58022,uncharacterized,
gdb_58024,uncharacterized,
gdb_58031,uncharacterized,
gdb_58087,uncharacterized,
gdb_58090,uncharacterized,
gdb_58091,uncharacterized,
gdb_58092,uncharacterized,
gdb_58095,uncharacterized,
gdb_58098,uncharacterized,
gdb_58277,uncharacterized,
gdb_58280,uncharacterized,
gdb_58282,uncharacterized,
gdb_58283,uncharacterized,
gdb_58291,uncharacterized,
gdb_58612,uncharacterized,
gdb_58613,uncharacterized,
gdb_58621,uncharacterized,
gdb_58975,uncharacterized,
gdb_59444,uncharacterized,
gdb_59445,uncharacterized,
gdb_59446,uncharacterized,
gdb_59455,uncharacterized,
gdb_59816,uncharacterized,
gdb_59823,uncharacterized,
gdb_59845,uncharacterized,
gdb_59851,uncharacterized,
gdb_59854,uncharacterized,
gdb_59857,uncharacterized,
gdb_59860,uncharacterized,
gdb_59932,uncharacterized,
gdb_59958,uncharacterized,
gdb_59963,uncharacterized,
gdb_59967,uncharacterized,
gdb_59968,uncharacterized,
gdb_59971,uncharacterized,
gdb_59976,uncharacterized,
gdb_60316,uncharacterized,
gdb_60426,uncharacterized,
gdb_60429,uncharacterized,
gdb_60432,uncharacterized,
gdb_60433,uncharacterized,
gdb_60441,uncharacterized,
gdb_60444,uncharacterized,
gdb_60605,uncharacterized,
gdb_60612,uncharacterized,
gdb_60617,uncharacterized,
gdb_60622,uncharacterized,
gdb_60625,uncharacterized,
gdb_60630,uncharacterized,
gdb_60634,uncharacterized,
gdb_60635,uncharacterized,
gdb_60641,uncharacterized,
gdb_60644,uncharacterized,
gdb_60647,uncharacterized,
gdb_60655,uncharacterized,
gdb_60656,uncharacterized,
gdb_60657,uncharacterized,
gdb_60658,uncharacterized,
gdb_60659,uncharacterized,
gdb_60664,uncharacterized,
gdb_60665,uncharacterized,
gdb_60715,uncharacterized,
gdb_60720,uncharacterized,
gdb_60725,uncharacterized,
gdb_60727,uncharacterized,
gdb_60810,uncharacterized,
gdb_61290,uncharacterized,
gdb_61295,uncharacterized,
gdb_61297,uncharacterized,
gdb_61413,uncharacterized,
gdb_61416,uncharacterized,
gdb_61417,uncharacterized,
gdb_61420,uncharacterized,
gdb_61425,uncharacterized,
gdb_61432,uncharacterized,
gdb_61433,uncharacterized,
gdb_61434,uncharacterized,
gdb_61437,uncharacterized,
gdb_61439,uncharacterized,
gdb_61441,uncharacterized,
gdb_61464,uncharacterized,
gdb_61468,uncharacterized,
gdb_61469,uncharacterized,
gdb_61470,uncharacterized,
gdb_61554,uncharacterized,
gdb_61559,uncharacterized,
gdb_61572,uncharacterized,
gdb_61573,uncharacterized,
gdb_61574,uncharacterized,
gdb_61575,uncharacterized,
gdb_61576,uncharacterized,
gdb_61865,uncharacterized,
gdb_61899,uncharacterized,
gdb_61912,uncharacterized,
gdb_61913,uncharacterized,
gdb_61996,uncharacterized,
gdb_62008,uncharacterized,
gdb_62024,uncharacterized,
gdb_62029,uncharacterized,
gdb_62084,uncharacterized,
gdb_62093,uncharacterized,
gdb_62102,uncharacterized,
gdb_62103,uncharacterized,
gdb_62104,uncharacterized,
gdb_62105,uncharacterized,
gdb_62106,uncharacterized,
gdb_63510,uncharacterized,
gdb_63607,uncharacterized,
gdb_63617,uncharacterized,
gdb_66422,uncharacterized,
gdb_66494,uncharacterized,
gdb_66496,uncharacterized,
gdb_66502,uncharacterized,
gdb_66511,uncharacterized,
gdb_66519,uncharacterized,
gdb_66597,uncharacterized,
gdb_66603,uncharacterized,
gdb_66604,uncharacterized,
gdb_66868,uncharacterized,
gdb_67056,uncharacterized,
gdb_67061,uncharacterized,
gdb_67062,uncharacterized,
gdb_67239,uncharacterized,
gdb_67720,uncharacterized,
gdb_67724,uncharacterized,
gdb_68731,uncharacterized,
gdb_68732,uncharacterized,
gdb_70954,uncharacterized,
gdb_71536,uncharacterized,
gdb_72314,uncharacterized,
gdb_72315,uncharacterized,
gdb_72317,uncharacterized,
gdb_72319,uncharacterized,
gdb_72638,uncharacterized,
gdb_75053,uncharacterized,
gdb_75644,uncharacterized,
gdb_75649,uncharacterized,
gdb_76081,uncharacterized,
gdb_76083,uncharacterized,
gdb_76133,uncharacterized,
gdb_76137,uncharacterized,
gdb_76377,uncharacterized,
gdb_76381,uncharacterized,
gdb_76382,uncharacterized,
gdb_76385,uncharacterized,
gdb_76392,uncharacterized,
gdb_76396,uncharacterized,
gdb_76597,uncharacterized,
gdb_76607,uncharacterized,
gdb_76662,uncharacterized,
gdb_76672,uncharacterized,
gdb_76673,uncharacterized,
gdb_76962,uncharacterized,
gdb_77133,uncharacterized,
gdb_77151,uncharacterized,
gdb_77460,uncharacterized,
gdb_77639,uncharacterized,
gdb_79693,uncharacterized,
gdb_79694,uncharacterized,
gdb_79695,uncharacterized,
gdb_80208,uncharacterized,
gdb_80588,uncharacterized,
gdb_80596,uncharacterized,
gdb_80598,uncharacterized,
gdb_81061,uncharacterized,
gdb_81062,uncharacterized,
gdb_81063,uncharacterized,
gdb_81201,uncharacterized,
gdb_82087,uncharacterized,
gdb_82088,uncharacterized,
gdb_82089,uncharacterized,
gdb_82090,uncharacterized,
gdb_83398,uncharacterized,
gdb_83412,uncharacterized,
gdb_83413,uncharacterized,
gdb_83416,uncharacterized,
gdb_84331,uncharacterized,
gdb_84797,uncharacterized,
gdb_84802,uncharacterized,
gdb_85155,uncharacterized,
gdb_85772,uncharacterized,
gdb_85780,uncharacterized,
gdb_85781,uncharacterized,
gdb_85785,uncharacterized,
gdb_85956,uncharacterized,
gdb_85959,uncharacterized,
gdb_85964,uncharacterized,
gdb_85968,uncharacterized,
gdb_85969,uncharacterized,
gdb_86320,uncharacterized,
gdb_86325,uncharacterized,
gdb_86326,uncharacterized,
gdb_86329,uncharacterized,
gdb_86333,uncharacterized,
gdb_86564,uncharacterized,
gdb_86571,uncharacterized,
gdb_86574,uncharacterized,
gdb_86577,uncharacterized,
gdb_86578,uncharacterized,
gdb_86580,uncharacterized,
gdb_86583,uncharacterized,
gdb_86587,uncharacterized,
gdb_86736,uncharacterized,
gdb_86742,uncharacterized,
gdb_86814,uncharacterized,
gdb_86817,uncharacterized,
gdb_86822,uncharacterized,
gdb_86827,uncharacterized,
gdb_86828,uncharacterized,
gdb_86850,uncharacterized,
gdb_87024,uncharacterized,
gdb_87027,uncharacterized,
gdb_87037,uncharacterized,
gdb_87178,uncharacterized,
gdb_87187,uncharacterized,
gdb_87192,uncharacterized,
gdb_87198,uncharacterized,
gdb_87199,uncharacterized,
gdb_87200,uncharacterized,
gdb_88225,uncharacterized,
gdb_88258,uncharacterized,
gdb_88260,uncharacterized,
gdb_88261,uncharacterized,
gdb_88263,uncharacterized,
gdb_88266,uncharacterized,
gdb_88269,uncharacterized,
gdb_88272,uncharacterized,
gdb_88274,uncharacterized,
gdb_88322,uncharacterized,
gdb_88359,uncharacterized,
gdb_88571,uncharacterized,
gdb_88924,uncharacterized,
gdb_89020,uncharacterized,
gdb_89025,uncharacterized,
gdb_89046,uncharacterized,
gdb_89047,uncharacterized,
gdb_89048,uncharacterized,
gdb_89049,uncharacterized,
gdb_89618,uncharacterized,
gdb_89627,uncharacterized,
gdb_90040,uncharacterized,
gdb_90051,uncharacterized,
gdb_90287,uncharacterized,
gdb_90503,uncharacterized,
gdb_90686,uncharacterized,
gdb_90689,uncharacterized,
gdb_91258,uncharacterized,
gdb_91259,uncharacterized,
gdb_91524,uncharacterized,
gdb_91529,uncharacterized,
gdb_91530,uncharacterized,
gdb_91531,uncharacterized,
gdb_91532,uncharacterized,
gdb_92762,uncharacterized,
gdb_92968,uncharacterized,
gdb_92972,uncharacterized,
gdb_92974,uncharacterized,
gdb_93324,uncharacterized,
gdb_93574,uncharacterized,
gdb_93919,uncharacterized,
gdb_93924,uncharacterized,
gdb_93929,uncharacterized,
gdb_93933,uncharacterized,
gdb_93937,uncharacterized,
gdb_93943,uncharacterized,
gdb_94159,uncharacterized,
gdb_94161,uncharacterized,
gdb_94162,uncharacterized,
gdb_94163,uncharacterized,
gdb_94167,uncharacterized,
gdb_94170,uncharacterized,
gdb_94173,uncharacterized,
gdb_94174,uncharacterized,
gdb_94175,uncharacterized,
gdb_94179,uncharacterized,
gdb_94184,uncharacterized,
gdb_94185,uncharacterized,
gdb_94186,uncharacterized,
gdb_94588,uncharacterized,
gdb_94589,uncharacterized,
gdb_94592,uncharacterized,
gdb_94599,uncharacterized,
gdb_94605,uncharacterized,
gdb_94606,uncharacterized,
gdb_94607,uncharacterized,
gdb_95445,uncharacterized,
gdb_95446,uncharacterized,
gdb_95978,uncharacterized,
gdb_95981,uncharacterized,
gdb_95984,uncharacterized,
gdb_95989,uncharacterized,
gdb_95993,uncharacterized,
gdb_95994,uncharacterized,
gdb_95995,uncharacterized,
gdb_95996,uncharacterized,
gdb_95997,uncharacterized,
gdb_96616,uncharacterized,
gdb_96637,uncharacterized,
gdb_96638,uncharacterized,
gdb_96674,uncharacterized,
gdb_96677,uncharacterized,
gdb_96678,uncharacterized,
gdb_96719,uncharacterized,
gdb_96723,uncharacterized,
gdb_96877,uncharacterized,
gdb_97116,uncharacterized,
gdb_97260,uncharacterized,
gdb_97265,uncharacterized,
gdb_97272,uncharacterized,
gdb_97273,uncharacterized,
gdb_97279,uncharacterized,
gdb_97291,uncharacterized,
gdb_97306,uncharacterized,
gdb_97307,uncharacterized,
gdb_97313,uncharacterized,
gdb_97318,uncharacterized,
gdb_97320,uncharacterized,
gdb_97323,uncharacterized,
gdb_97352,uncharacterized,
gdb_97363,uncharacterized,
gdb_97364,uncharacterized,
gdb_97367,uncharacterized,
gdb_97368,uncharacterized,
gdb_97455,uncharacterized,
gdb_97497,uncharacterized,
gdb_97499,uncharacterized,
gdb_97529,uncharacterized,
gdb_97530,uncharacterized,
gdb_97562,uncharacterized,
gdb_97568,uncharacterized,
gdb_97573,uncharacterized,
gdb_97574,uncharacterized,
gdb_97965,uncharacterized,
gdb_98056,uncharacterized,
gdb_98059,uncharacterized,
gdb_98062,uncharacterized,
gdb_98065,uncharacterized,
gdb_98067,uncharacterized,
gdb_98229,uncharacterized,
gdb_98233,uncharacterized,
gdb_98234,uncharacterized,
gdb_98239,uncharacterized,
gdb_98254,uncharacterized,
gdb_98713,uncharacterized,
gdb_98714,uncharacterized,
gdb_98723,uncharacterized,
gdb_98724,uncharacterized,
gdb_98743,uncharacterized,
gdb_98749,uncharacterized,
gdb_98939,uncharacterized,
gdb_98940,uncharacterized,
gdb_99044,uncharacterized,
gdb_99211,uncharacterized,
gdb_99223,uncharacterized,
gdb_99224,uncharacterized,
gdb_99237,uncharacterized,
gdb_99252,uncharacterized,
gdb_99253,uncharacterized,
gdb_99255,uncharacterized,
gdb_99689,uncharacterized,
gdb_99694,uncharacterized,
gdb_99717,uncharacterized,
gdb_99726,uncharacterized,
gdb_99731,uncharacterized,
gdb_99733,uncharacterized,
gdb_99735,uncharacterized,
gdb_99736,uncharacterized,
gdb_99739,uncharacterized,
gdb_99740,uncharacterized,
gdb_99748,uncharacterized,
gdb_99753,uncharacterized,
gdb_99754,uncharacterized,
gdb_99755,uncharacterized,
gdb_99758,uncharacterized,
gdb_99807,uncharacterized,
gdb_99809,uncharacterized,
gdb_99816,uncharacterized,
gdb_99821,uncharacterized,
gdb_99823,uncharacterized,
gdb_99829,uncharacterized,
gdb_99831,uncharacterized,
gdb_99836,uncharacterized,
gdb_99837,uncharacterized,
gdb_99839,uncharacterized,
gdb_99840,uncharacterized,
gdb_100080,uncharacterized,
gdb_100081,uncharacterized,
gdb_100089,uncharacterized,
gdb_100261,uncharacterized,
gdb_100265,uncharacterized,
gdb_100268,uncharacterized,
gdb_100271,uncharacterized,
gdb_100272,uncharacterized,
gdb_100273,uncharacterized,
gdb_100276,uncharacterized,
gdb_100279,uncharacterized,
gdb_100280,uncharacterized,
gdb_100284,uncharacterized,
gdb_100285,uncharacterized,
gdb_100286,uncharacterized,
gdb_100418,uncharacterized,
gdb_100419,uncharacterized,
gdb_100420,uncharacterized,
gdb_100425,uncharacterized,
gdb_100427,uncharacterized,
gdb_100428,uncharacterized,
gdb_100448,uncharacterized,
gdb_100451,uncharacterized,
gdb_100455,uncharacterized,
gdb_100456,uncharacterized,
gdb_100506,uncharacterized,
gdb_100509,uncharacterized,
gdb_100512,uncharacterized,
gdb_100517,uncharacterized,
gdb_100521,uncharacterized,
gdb_100523,uncharacterized,
gdb_100626,uncharacterized,
gdb_100704,uncharacterized,
gdb_100705,uncharacterized,
gdb_100706,uncharacterized,
gdb_100709,uncharacterized,
gdb_100713,uncharacterized,
gdb_100720,uncharacterized,
gdb_100725,uncharacterized,
gdb_100726,uncharacterized,
gdb_100727,uncharacterized,
gdb_100730,uncharacterized,
gdb_100733,uncharacterized,
gdb_100735,uncharacterized,
gdb_100736,uncharacterized,
gdb_100739,uncharacterized,
gdb_100743,uncharacterized,
gdb_100744,uncharacterized,
gdb_100745,uncharacterized,
gdb_100746,uncharacterized,
gdb_100747,uncharacterized,
gdb_101520,uncharacterized,
gdb_101763,uncharacterized,
gdb_101764,uncharacterized,
gdb_101765,uncharacterized,
gdb_101773,uncharacterized,
gdb_101782,uncharacterized,
gdb_101785,uncharacterized,
gdb_101793,uncharacterized,
gdb_101794,uncharacterized,
gdb_101805,uncharacterized,
gdb_101806,uncharacterized,
gdb_101918,uncharacterized,
gdb_101925,uncharacterized,
gdb_101926,uncharacterized,
gdb_101927,uncharacterized,
gdb_101938,uncharacterized,
gdb_101939,uncharacterized,
gdb_101940,uncharacterized,
gdb_101941,uncharacterized,
gdb_102128,uncharacterized,
gdb_102131,uncharacterized,
gdb_102149,uncharacterized,
gdb_102152,uncharacterized,
gdb_102159,uncharacterized,
gdb_102160,uncharacterized,
gdb_102225,uncharacterized,
gdb_102256,uncharacterized,
gdb_102267,uncharacterized,
gdb_102268,uncharacterized,
gdb_102284,uncharacterized,
gdb_102285,uncharacterized,
gdb_102610,uncharacterized,
gdb_102617,uncharacterized,
gdb_102625,uncharacterized,
gdb_102626,uncharacterized,
gdb_102627,uncharacterized,
gdb_102628,uncharacterized,
gdb_102634,uncharacterized,
gdb_102778,uncharacterized,
gdb_102787,uncharacterized,
gdb_102795,uncharacterized,
gdb_102797,uncharacterized,
gdb_103800,uncharacterized,
gdb_103816,uncharacterized,
gdb_103820,uncharacterized,
gdb_104556,uncharacterized,
gdb_104586,uncharacterized,
gdb_104592,uncharacterized,
gdb_104600,uncharacterized,
gdb_104601,uncharacterized,
gdb_104602,uncharacterized,
gdb_105183,uncharacterized,
gdb_105186,uncharacterized,
gdb_105189,uncharacterized,
gdb_105203,uncharacterized,
gdb_105206,uncharacterized,
gdb_105207,uncharacterized,
gdb_105208,uncharacterized,
gdb_105216,uncharacterized,
gdb_105290,uncharacterized,
gdb_105485,uncharacterized,
gdb_105488,uncharacterized,
gdb_105491,uncharacterized,
gdb_105492,uncharacterized,
gdb_105495,uncharacterized,
gdb_105498,uncharacterized,
gdb_105504,uncharacterized,
gdb_105505,uncharacterized,
gdb_105506,uncharacterized,
gdb_105507,uncharacterized,
gdb_105508,uncharacterized,
gdb_105579,uncharacterized,
gdb_108412,uncharacterized,
gdb_108756,uncharacterized,
gdb_108891,uncharacterized,
gdb_109729,uncharacterized,
gdb_109738,uncharacterized,
gdb_109745,uncharacterized,
gdb_109748,uncharacterized,
gdb_109749,uncharacterized,
gdb_109750,uncharacterized,
gdb_109753,uncharacterized,
gdb_109757,uncharacterized,
gdb_109758,uncharacterized,
gdb_110083,uncharacterized,
gdb_110085,uncharacterized,
gdb_110174,uncharacterized,
gdb_112230,uncharacterized,
gdb_112231,uncharacterized,
gdb_112338,uncharacterized,
gdb_112355,uncharacterized,
gdb_112392,uncharacterized,
gdb_112393,uncharacterized,
gdb_112941,uncharacterized,
gdb_112956,uncharacterized,
gdb_112957,uncharacterized,
gdb_112958,uncharacterized,
gdb_113159,uncharacterized,
gdb_113165,uncharacterized,
gdb_113179,uncharacterized,
gdb_113183,uncharacterized,
gdb_113622,uncharacterized,
gdb_113635,uncharacterized,
gdb_113643,uncharacterized,
gdb_113650,uncharacterized,
gdb_113684,uncharacterized,
gdb_113785,uncharacterized,
gdb_113896,uncharacterized,
gdb_113901,uncharacterized,
gdb_113914,uncharacterized,
gdb_113915,uncharacterized,
gdb_113916,uncharacterized,
gdb_113917,uncharacterized,
gdb_115031,uncharacterized,
gdb_115677,uncharacterized,
gdb_115680,uncharacterized,
gdb_115683,uncharacterized,
gdb_115684,uncharacterized,
gdb_115685,uncharacterized,
gdb_115686,uncharacterized,
gdb_115691,uncharacterized,
gdb_115700,uncharacterized,
gdb_115701,uncharacterized,
gdb_115702,uncharacterized,
gdb_115703,uncharacterized,
gdb_116537,uncharacterized,
gdb_116649,uncharacterized,
gdb_116796,uncharacterized,
gdb_116944,uncharacterized,
gdb_116948,uncharacterized,
gdb_117292,uncharacterized,
gdb_117295,uncharacterized,
gdb_117310,uncharacterized,
gdb_117321,uncharacterized,
gdb_117324,uncharacterized,
gdb_117428,uncharacterized,
gdb_117513,uncharacterized,
gdb_117519,uncharacterized,
gdb_117521,uncharacterized,
gdb_117523,uncharacterized,
gdb_117530,uncharacterized,
gdb_117531,uncharacterized,
gdb_117632,uncharacterized,
gdb_117633,uncharacterized,
gdb_117637,uncharacterized,
gdb_117640,uncharacterized,
gdb_117644,uncharacterized,
gdb_117645,uncharacterized,
gdb_117648,uncharacterized,
gdb_118175,uncharacterized,
gdb_118189,uncharacterized,
gdb_118192,uncharacterized,
gdb_118193,uncharacterized,
gdb_118196,uncharacterized,
gdb_118199,uncharacterized,
gdb_118200,uncharacterized,
gdb_118201,uncharacterized,
gdb_118209,uncharacterized,
gdb_118213,uncharacterized,
gdb_118214,uncharacterized,
gdb_118326,uncharacterized,
gdb_118334,uncharacterized,
gdb_118419,uncharacterized,
gdb_118422,uncharacterized,
gdb_118427,uncharacterized,
gdb_118430,uncharacterized,
gdb_118437,uncharacterized,
gdb_118438,uncharacterized,
gdb_118444,uncharacterized,
gdb_118445,uncharacterized,
gdb_118446,uncharacterized,
gdb_118447,uncharacterized,
gdb_118449,uncharacterized,
gdb_118452,uncharacterized,
gdb_118458,uncharacterized,
gdb_118459,uncharacterized,
gdb_119119,uncharacterized,
gdb_119122,uncharacterized,
gdb_119123,uncharacterized,
gdb_119124,uncharacterized,
gdb_119134,uncharacterized,
gdb_119135,uncharacterized,
gdb_119136,uncharacterized,
gdb_119758,uncharacterized,
gdb_119759,uncharacterized,
gdb_119763,uncharacterized,
gdb_119862,uncharacterized,
gdb_120431,uncharacterized,
gdb_120435,uncharacterized,
gdb_120704,uncharacterized,
gdb_120707,uncharacterized,
gdb_120708,uncharacterized,
gdb_120709,uncharacterized,
gdb_120723,uncharacterized,
gdb_120724,uncharacterized,
gdb_120725,uncharacterized,
gdb_120726,uncharacterized,
gdb_121013,uncharacterized,
gdb_121426,uncharacterized,
gdb_121490,uncharacterized,
gdb_121520,uncharacterized,
gdb_121523,uncharacterized,
gdb_121527,uncharacterized,
gdb_121585,uncharacterized,
gdb_121591,uncharacterized,
gdb_121594,uncharacterized,
gdb_121598,uncharacterized,
gdb_121602,uncharacterized,
gdb_121604,uncharacterized,
gdb_121605,uncharacterized,
gdb_121606,uncharacterized,
gdb_121611,uncharacterized,
gdb_121612,uncharacterized,
gdb_121701,uncharacterized,
gdb_121867,uncharacterized,
gdb_121868,uncharacterized,
gdb_121869,uncharacterized,
gdb_121874,uncharacterized,
gdb_121879,uncharacterized,
gdb_121883,uncharacterized,
gdb_121884,uncharacterized,
gdb_121887,uncharacterized,
gdb_121892,uncharacterized,
gdb_121893,uncharacterized,
gdb_121896,uncharacterized,
gdb_121902,uncharacterized,
gdb_121903,uncharacterized,
gdb_122776,uncharacterized,
gdb_123094,uncharacterized,
gdb_123097,uncharacterized,
gdb_123100,uncharacterized,
gdb_123108,uncharacterized,
gdb_123109,uncharacterized,
gdb_123110,uncharacterized,
gdb_123118,uncharacterized,
gdb_123127,uncharacterized,
gdb_123128,uncharacterized,
gdb_123130,uncharacterized,
gdb_123131,uncharacterized,
gdb_123270,uncharacterized,
gdb_123271,uncharacterized,
gdb_123272,uncharacterized,
gdb_123273,uncharacterized,
gdb_123545,uncharacterized,
gdb_123568,uncharacterized,
gdb_123589,uncharacterized,
gdb_123593,uncharacterized,
gdb_123616,uncharacterized,
gdb_123620,uncharacterized,
gdb_123630,uncharacterized,
gdb_123642,uncharacterized,
gdb_123655,uncharacterized,
gdb_123674,uncharacterized,
gdb_123686,uncharacterized,
gdb_123699,uncharacterized,
gdb_123902,uncharacterized,
gdb_123908,uncharacterized,
gdb_123965,uncharacterized,
gdb_123998,uncharacterized,
gdb_124034,uncharacterized,
gdb_124122,uncharacterized,
gdb_124168,uncharacterized,
gdb_124222,uncharacterized,
gdb_124250,uncharacterized,
gdb_124284,uncharacterized,
gdb_124332,uncharacterized,
gdb_124334,uncharacterized,
gdb_124344,uncharacterized,
gdb_124346,uncharacterized,
gdb_124353,uncharacterized,
gdb_124355,uncharacterized,
gdb_124463,uncharacterized,
gdb_124464,uncharacterized,
gdb_124465,uncharacterized,
gdb_124547,uncharacterized,
gdb_124597,uncharacterized,
gdb_124609,uncharacterized,
gdb_124617,uncharacterized,
gdb_124619,uncharacterized,
gdb_124722,uncharacterized,
gdb_124723,uncharacterized,
gdb_124724,uncharacterized,
gdb_124725,uncharacterized,
gdb_124726,uncharacterized,
gdb_124727,uncharacterized,
gdb_124731,uncharacterized,
gdb_124732,uncharacterized,
gdb_124733,uncharacterized,
gdb_124734,uncharacterized,
gdb_124735,uncharacterized,
gdb_124736,uncharacterized,
gdb_124738,uncharacterized,
gdb_124739,uncharacterized,
gdb_124803,uncharacterized,
gdb_124935,uncharacterized,
gdb_125003,uncharacterized,
gdb_125007,uncharacterized,
gdb_125008,uncharacterized,
gdb_125055,uncharacterized,
gdb_125057,uncharacterized,
gdb_125062,uncharacterized,
gdb_125103,uncharacterized,
gdb_125104,uncharacterized,
gdb_125109,uncharacterized,
gdb_125110,uncharacterized,
gdb_125117,uncharacterized,
gdb_125123,uncharacterized,
gdb_125125,uncharacterized,
gdb_125138,uncharacterized,
gdb_125151,uncharacterized,
gdb_125226,uncharacterized,
gdb_125259,uncharacterized,
gdb_125276,uncharacterized,
gdb_125284,uncharacterized,
gdb_125361,uncharacterized,
gdb_125369,uncharacterized,
gdb_125371,uncharacterized,
gdb_125373,uncharacterized,
gdb_125389,uncharacterized,
gdb_125401,uncharacterized,
gdb_125415,uncharacterized,
gdb_125417,uncharacterized,
gdb_125421,uncharacterized,
gdb_125426,uncharacterized,
gdb_125471,uncharacterized,
gdb_125494,uncharacterized,
gdb_125495,uncharacterized,
gdb_125577,uncharacterized,
gdb_125579,uncharacterized,
gdb_125582,uncharacterized,
gdb_125583,uncharacterized,
gdb_125619,uncharacterized,
gdb_125627,uncharacterized,
gdb_125635,uncharacterized,
gdb_125636,uncharacterized,
gdb_125664,uncharacterized,
gdb_125666,uncharacterized,
gdb_125682,uncharacterized,
gdb_125696,uncharacterized,
gdb_125714,uncharacterized,
gdb_125720,uncharacterized,
gdb_125759,uncharacterized,
gdb_125775,uncharacterized,
gdb_125793,uncharacterized,
gdb_125810,uncharacterized,
gdb_125828,uncharacterized,
gdb_125905,uncharacterized,
gdb_125917,uncharacterized,
gdb_125936,uncharacterized,
gdb_125982,uncharacterized,
gdb_126008,uncharacterized,
gdb_126025,uncharacterized,
gdb_126081,uncharacterized,
gdb_126089,uncharacterized,
gdb_126093,uncharacterized,
gdb_126165,uncharacterized,
gdb_126166,uncharacterized,
gdb_126167,uncharacterized,
gdb_126282,uncharacterized,
gdb_126292,uncharacterized,
gdb_126324,uncharacterized,
gdb_126347,uncharacterized,
gdb_126348,uncharacterized,
gdb_126350,uncharacterized,
gdb_126351,uncharacterized,
gdb_126352,uncharacterized,
gdb_126360,uncharacterized,
gdb_126385,uncharacterized,
gdb_126412,uncharacterized,
gdb_126439,uncharacterized,
gdb_126453,uncharacterized,
gdb_126567,uncharacterized,
gdb_126617,uncharacterized,
gdb_126629,uncharacterized,
gdb_126637,uncharacterized,
gdb_126639,uncharacterized,
gdb_126697,uncharacterized,
gdb_126698,uncharacterized,
gdb_126699,uncharacterized,
gdb_126700,uncharacterized,
gdb_126740,uncharacterized,
gdb_126741,uncharacterized,
gdb_126763,uncharacterized,
gdb_126774,uncharacterized,
gdb_126783,uncharacterized,
gdb_126785,uncharacterized,
gdb_126816,uncharacterized,
gdb_126829,uncharacterized,
gdb_126858,uncharacterized,
gdb_126865,uncharacterized,
gdb_126866,uncharacterized,
gdb_126873,uncharacterized,
gdb_126880,uncharacterized,
gdb_126962,uncharacterized,
gdb_126963,uncharacterized,
gdb_127028,uncharacterized,
gdb_127040,uncharacterized,
gdb_127083,uncharacterized,
gdb_127134,uncharacterized,
gdb_127135,uncharacterized,
gdb_127193,uncharacterized,
gdb_127194,uncharacterized,
gdb_127196,uncharacterized,
gdb_127198,uncharacterized,
gdb_127199,uncharacterized,
gdb_127200,uncharacterized,
gdb_127201,uncharacterized,
gdb_127202,uncharacterized,
gdb_127205,uncharacterized,
gdb_127251,uncharacterized,
gdb_127261,uncharacterized,
gdb_127271,uncharacterized,
gdb_127274,uncharacterized,
gdb_127324,uncharacterized,
gdb_127328,uncharacterized,
gdb_127329,uncharacterized,
gdb_127331,uncharacterized,
gdb_127356,uncharacterized,
gdb_127362,uncharacterized,
gdb_127395,uncharacterized,
gdb_127407,uncharacterized,
gdb_127434,uncharacterized,
gdb_127436,uncharacterized,
gdb_127458,uncharacterized,
gdb_127466,uncharacterized,
gdb_127492,uncharacterized,
gdb_127518,uncharacterized,
gdb_127520,uncharacterized,
gdb_127528,uncharacterized,
gdb_127529,uncharacterized,
gdb_127530,uncharacterized,
gdb_127543,uncharacterized,
gdb_127548,uncharacterized,
gdb_127549,uncharacterized,
gdb_127553,uncharacterized,
gdb_127581,uncharacterized,
gdb_127583,uncharacterized,
gdb_127599,uncharacterized,
gdb_127606,uncharacterized,
gdb_127608,uncharacterized,
gdb_127634,uncharacterized,
gdb_127635,uncharacterized,
gdb_127637,uncharacterized,
gdb_127639,uncharacterized,
gdb_127653,uncharacterized,
gdb_127691,uncharacterized,
gdb_127694,uncharacterized,
gdb_127698,uncharacterized,
gdb_127723,uncharacterized,
gdb_127733,uncharacterized,
gdb_127741,uncharacterized,
gdb_127778,uncharacterized,
gdb_127787,uncharacterized,
gdb_127789,uncharacterized,
gdb_127805,uncharacterized,
gdb_127839,uncharacterized,
gdb_127847,uncharacterized,
gdb_127852,uncharacterized,
gdb_127856,uncharacterized,
gdb_127860,uncharacterized,
gdb_127862,uncharacterized,
gdb_127877,uncharacterized,
gdb_127881,uncharacterized,
gdb_127882,uncharacterized,
gdb_127887,uncharacterized,
gdb_127888,uncharacterized,
gdb_127893,uncharacterized,
gdb_127894,uncharacterized,
gdb_127895,uncharacterized,
gdb_127902,uncharacterized,
gdb_127904,uncharacterized,
gdb_127922,uncharacterized,
gdb_127923,uncharacterized,
gdb_127936,uncharacterized,
gdb_127939,uncharacterized,
gdb_127941,uncharacterized,
gdb_127942,uncharacterized,
gdb_127958,uncharacterized,
gdb_128142,uncharacterized,
gdb_128143,uncharacterized,
gdb_128147,uncharacterized,
gdb_128171,uncharacterized,
gdb_128180,uncharacterized,
gdb_128183,uncharacterized,
gdb_128184,uncharacterized,
gdb_128185,uncharacterized,
gdb_128195,uncharacterized,
gdb_128212,uncharacterized,
gdb_128225,uncharacterized,
gdb_128235,uncharacterized,
gdb_128251,uncharacterized,
gdb_128252,uncharacterized,
gdb_128260,uncharacterized,
gdb_128283,uncharacterized,
gdb_128307,uncharacterized,
gdb_128336,uncharacterized,
gdb_128349,uncharacterized,
gdb_128405,uncharacterized,
gdb_128406,uncharacterized,
gdb_128407,uncharacterized,
gdb_128408,uncharacterized,
gdb_128409,uncharacterized,
gdb_128421,uncharacterized,
gdb_128423,uncharacterized,
gdb_128427,uncharacterized,
gdb_128428,uncharacterized,
gdb_128430,uncharacterized,
gdb_128499,uncharacterized,
gdb_128500,uncharacterized,
gdb_128528,uncharacterized,
gdb_128529,uncharacterized,
gdb_128555,uncharacterized,
gdb_128558,uncharacterized,
gdb_128559,uncharacterized,
gdb_128568,uncharacterized,
gdb_128583,uncharacterized,
gdb_128596,uncharacterized,
gdb_128605,uncharacterized,
gdb_128616,uncharacterized,
gdb_128618,uncharacterized,
gdb_128619,uncharacterized,
gdb_128620,uncharacterized,
gdb_128627,uncharacterized,
gdb_128634,uncharacterized,
gdb_128647,uncharacterized,
gdb_128648,uncharacterized,
gdb_128672,uncharacterized,
gdb_128674,uncharacterized,
gdb_128695,uncharacterized,
gdb_128706,uncharacterized,
gdb_128822,uncharacterized,
gdb_128933,uncharacterized,
gdb_128948,uncharacterized,
gdb_129032,uncharacterized,
gdb_129035,uncharacterized,
gdb_129037,uncharacterized,
gdb_129040,uncharacterized,
gdb_129041,uncharacterized,
gdb_129042,uncharacterized,
gdb_129059,uncharacterized,
gdb_129067,uncharacterized,
gdb_129071,uncharacterized,
gdb_129100,uncharacterized,
gdb_129106,uncharacterized,
gdb_129114,uncharacterized,
gdb_129126,uncharacterized,
gdb_129130,uncharacterized,
gdb_129136,uncharacterized,
gdb_129137,uncharacterized,
gdb_129138,uncharacterized,
gdb_129140,uncharacterized,
gdb_129145,uncharacterized,
gdb_129146,uncharacterized,
gdb_129147,uncharacterized,
gdb_129149,uncharacterized,
gdb_129150,uncharacterized,
gdb_129151,uncharacterized,
gdb_129156,uncharacterized,
gdb_129157,uncharacterized,
gdb_129160,uncharacterized,
gdb_129161,uncharacterized,
gdb_129162,uncharacterized,
gdb_129163,uncharacterized,
gdb_129164,uncharacterized,
gdb_129165,uncharacterized,
gdb_129166,uncharacterized,
gdb_129167,uncharacterized,
gdb_129168,uncharacterized,
gdb_129169,uncharacterized,
gdb_129170,uncharacterized,
gdb_129171,uncharacterized,
gdb_129172,uncharacterized,
gdb_129173,uncharacterized,
gdb_129174,uncharacterized,
gdb_129175,uncharacterized,
gdb_129176,uncharacterized,
gdb_129177,uncharacterized,
gdb_129178,uncharacterized,
gdb_129179,uncharacterized,
gdb_129182,uncharacterized,
gdb_129191,uncharacterized,
gdb_129194,uncharacterized,
gdb_129201,uncharacterized,
gdb_129205,uncharacterized,
gdb_129206,uncharacterized,
gdb_129213,uncharacterized,
gdb_129237,uncharacterized,
gdb_129238,uncharacterized,
gdb_129239,uncharacterized,
gdb_129240,uncharacterized,
gdb_129241,uncharacterized,
gdb_129242,uncharacterized,
gdb_129243,uncharacterized,
gdb_129244,uncharacterized,
gdb_129245,uncharacterized,
gdb_129246,uncharacterized,
gdb_129247,uncharacterized,
gdb_129250,uncharacterized,
gdb_129264,uncharacterized,
gdb_129265,uncharacterized,
gdb_129266,uncharacterized,
gdb_129269,uncharacterized,
gdb_129270,uncharacterized,
gdb_129271,uncharacterized,
gdb_129272,uncharacterized,
gdb_129273,uncharacterized,
gdb_129274,uncharacterized,
gdb_129276,uncharacterized,
gdb_129277,uncharacterized,
gdb_129278,uncharacterized,
gdb_129279,uncharacterized,
gdb_129280,uncharacterized,
gdb_129299,uncharacterized,
gdb_129300,uncharacterized,
gdb_129301,uncharacterized,
gdb_129302,uncharacterized,
gdb_129317,uncharacterized,
gdb_129327,uncharacterized,
gdb_129328,uncharacterized,
gdb_129329,uncharacterized,
gdb_129330,uncharacterized,
gdb_129338,uncharacterized,
gdb_129346,uncharacterized,
gdb_129348,uncharacterized,
gdb_129368,uncharacterized,
gdb_129369,uncharacterized,
gdb_129370,uncharacterized,
gdb_129371,uncharacterized,
gdb_129375,uncharacterized,
gdb_129376,uncharacterized,
gdb_129377,uncharacterized,
gdb_129378,uncharacterized,
gdb_129379,uncharacterized,
gdb_129380,uncharacterized,
gdb_129381,uncharacterized,
gdb_129382,uncharacterized,
gdb_129384,uncharacterized,
gdb_129385,uncharacterized,
gdb_129386,uncharacterized,
gdb_129388,uncharacterized,
gdb_129389,uncharacterized,
gdb_129390,uncharacterized,
gdb_129391,uncharacterized,
gdb_129392,uncharacterized,
gdb_129394,uncharacterized,
gdb_129395,uncharacterized,
gdb_129396,uncharacterized,
gdb_129397,uncharacterized,
gdb_129398,uncharacterized,
gdb_129399,uncharacterized,
gdb_129400,uncharacterized,
gdb_129402,uncharacterized,
gdb_129403,uncharacterized,
gdb_129404,uncharacterized,
gdb_129405,uncharacterized,
gdb_129407,uncharacterized,
gdb_129408,uncharacterized,
gdb_129409,uncharacterized,
gdb_129411,uncharacterized,
gdb_129413,uncharacterized,
gdb_129414,uncharacterized,
gdb_129415,uncharacterized,
gdb_129416,uncharacterized,
gdb_129417,uncharacterized,
gdb_129418,uncharacterized,
gdb_129419,uncharacterized,
gdb_129420,uncharacterized,
gdb_129421,uncharacterized,
gdb_129422,uncharacterized,
gdb_129423,uncharacterized,
gdb_129424,uncharacterized,
gdb_129453,uncharacterized,
gdb_129492,uncharacterized,
gdb_129494,uncharacterized,
gdb_129501,uncharacterized,
gdb_129503,uncharacterized,
gdb_129508,uncharacterized,
gdb_129510,uncharacterized,
gdb_129577,uncharacterized,
gdb_129583,uncharacterized,
gdb_129585,uncharacterized,
gdb_129654,uncharacterized,
gdb_129736,uncharacterized,
gdb_129847,uncharacterized,
gdb_129860,uncharacterized,
gdb_129868,uncharacterized,
gdb_129915,uncharacterized,
gdb_129940,uncharacterized,
gdb_129997,uncharacterized,
gdb_129999,uncharacterized,
gdb_130007,uncharacterized,
gdb_130009,uncharacterized,
gdb_130036,uncharacterized,
gdb_130038,uncharacterized,
gdb_130048,uncharacterized,
gdb_130049,uncharacterized,
gdb_130120,uncharacterized,
gdb_130121,uncharacterized,
gdb_130122,uncharacterized,
gdb_130124,uncharacterized,
gdb_130162,uncharacterized,
gdb_130164,uncharacterized,
gdb_130182,uncharacterized,
gdb_130238,uncharacterized,
gdb_130297,uncharacterized,
gdb_130337,uncharacterized,
gdb_130338,uncharacterized,
gdb_130343,uncharacterized,
gdb_130345,uncharacterized,
gdb_130346,uncharacterized,
gdb_130355,uncharacterized,
gdb_130374,uncharacterized,
gdb_130378,uncharacterized,
gdb_130386,uncharacterized,
gdb_130387,uncharacterized,
gdb_130388,uncharacterized,
gdb_130389,uncharacterized,
gdb_130390,uncharacterized,
gdb_130398,uncharacterized,
gdb_130401,uncharacterized,
gdb_130402,uncharacterized,
gdb_130403,uncharacterized,
gdb_130404,uncharacterized,
gdb_130405,uncharacterized,
gdb_130406,uncharacterized,
gdb_130407,uncharacterized,
gdb_130408,uncharacterized,
gdb_130410,uncharacterized,
gdb_130411,uncharacterized,
gdb_130412,uncharacterized,
gdb_130413,uncharacterized,
gdb_130415,uncharacterized,
gdb_130416,uncharacterized,
gdb_130418,uncharacterized,
gdb_130421,uncharacterized,
gdb_130423,uncharacterized,
gdb_130424,uncharacterized,
gdb_130432,uncharacterized,
gdb_130433,uncharacterized,
gdb_130434,uncharacterized,
gdb_130435,uncharacterized,
gdb_130436,uncharacterized,
gdb_130438,uncharacterized,
gdb_130439,uncharacterized,
gdb_130440,uncharacterized,
gdb_130441,uncharacterized,
gdb_130442,uncharacterized,
gdb_130443,uncharacterized,
gdb_130446,uncharacterized,
gdb_130447,uncharacterized,
gdb_130448,uncharacterized,
gdb_130449,uncharacterized,
gdb_130450,uncharacterized,
gdb_130451,uncharacterized,
gdb_130452,uncharacterized,
gdb_130455,uncharacterized,
gdb_130456,uncharacterized,
gdb_130457,uncharacterized,
gdb_130458,uncharacterized,
gdb_130459,uncharacterized,
gdb_130460,uncharacterized,
gdb_130461,uncharacterized,
gdb_130463,uncharacterized,
gdb_130467,uncharacterized,
gdb_130470,uncharacterized,
gdb_130476,uncharacterized,
gdb_130480,uncharacterized,
gdb_130531,uncharacterized,
gdb_130537,uncharacterized,
gdb_130538,uncharacterized,
gdb_130583,uncharacterized,
gdb_130584,uncharacterized,
gdb_130588,uncharacterized,
gdb_130592,uncharacterized,
gdb_130603,uncharacterized,
gdb_130620,uncharacterized,
gdb_130630,uncharacterized,
gdb_130635,uncharacterized,
gdb_130662,uncharacterized,
gdb_130664,uncharacterized,
gdb_130665,uncharacterized,
gdb_130666,uncharacterized,
gdb_130667,uncharacterized,
gdb_130669,uncharacterized,
gdb_130670,uncharacterized,
gdb_130680,uncharacterized,
gdb_130684,uncharacterized,
gdb_130686,uncharacterized,
gdb_130692,uncharacterized,
gdb_130741,uncharacterized,
gdb_130747,uncharacterized,
gdb_130794,uncharacterized,
gdb_130861,uncharacterized,
gdb_130879,uncharacterized,
gdb_130883,uncharacterized,
gdb_130919,uncharacterized,
gdb_131092,uncharacterized,
gdb_131165,uncharacterized,
gdb_131225,uncharacterized,
gdb_131288,uncharacterized,
gdb_131289,uncharacterized,
gdb_131344,uncharacterized,
gdb_131514,uncharacterized,
gdb_131542,uncharacterized,
gdb_131555,uncharacterized,
gdb_131650,uncharacterized,
gdb_131659,uncharacterized,
gdb_131694,uncharacterized,
gdb_131696,uncharacterized,
gdb_131697,uncharacterized,
gdb_131705,uncharacterized,
gdb_131728,uncharacterized,
gdb_131730,uncharacterized,
gdb_131796,uncharacterized,
gdb_131830,uncharacterized,
gdb_131836,uncharacterized,
gdb_131840,uncharacterized,
gdb_131842,uncharacterized,
gdb_131926,uncharacterized,
gdb_131974,uncharacterized,
gdb_132001,uncharacterized,
gdb_132004,uncharacterized,
gdb_132005,uncharacterized,
gdb_132012,uncharacterized,
gdb_132014,uncharacterized,
gdb_132018,uncharacterized,
gdb_132023,uncharacterized,
gdb_132025,uncharacterized,
gdb_132027,uncharacterized,
gdb_132032,uncharacterized,
gdb_132033,uncharacterized,
gdb_132034,uncharacterized,
gdb_132036,uncharacterized,
gdb_132051,uncharacterized,
gdb_132053,uncharacterized,
gdb_132055,uncharacterized,
gdb_132066,uncharacterized,
gdb_132072,uncharacterized,
gdb_132073,uncharacterized,
gdb_132074,uncharacterized,
gdb_132075,uncharacterized,
gdb_132076,uncharacterized,
gdb_132078,uncharacterized,
gdb_132079,uncharacterized,
gdb_132088,uncharacterized,
gdb_132092,uncharacterized,
gdb_132112,uncharacterized,
gdb_132136,uncharacterized,
gdb_132150,uncharacterized,
gdb_132152,uncharacterized,
gdb_132154,uncharacterized,
gdb_132155,uncharacterized,
gdb_132169,uncharacterized,
gdb_132170,uncharacterized,
gdb_132173,uncharacterized,
gdb_132174,uncharacterized,
gdb_132175,uncharacterized,
gdb_132178,uncharacterized,
gdb_132179,uncharacterized,
gdb_132180,uncharacterized,
gdb_132181,uncharacterized,
gdb_132191,uncharacterized,
gdb_132193,uncharacterized,
gdb_132194,uncharacterized,
gdb_132205,uncharacterized,
gdb_132206,uncharacterized,
gdb_132207,uncharacterized,
gdb_132208,uncharacterized,
gdb_132212,uncharacterized,
gdb_132213,uncharacterized,
gdb_132216,uncharacterized,
gdb_132218,uncharacterized,
gdb_132219,uncharacterized,
gdb_132225,uncharacterized,
gdb_132226,uncharacterized,
gdb_132227,uncharacterized,
gdb_132271,uncharacterized,
gdb_132279,uncharacterized,
gdb_132281,uncharacterized,
gdb_132284,uncharacterized,
gdb_132285,uncharacterized,
gdb_132288,uncharacterized,
gdb_132289,uncharacterized,
gdb_132299,uncharacterized,
gdb_132308,uncharacterized,
gdb_132310,uncharacterized,
gdb_132318,uncharacterized,
gdb_132320,uncharacterized,
gdb_132328,uncharacterized,
gdb_132329,uncharacterized,
gdb_132330,uncharacterized,
gdb_132331,uncharacterized,
gdb_132332,uncharacterized,
gdb_132334,uncharacterized,
gdb_132340,uncharacterized,
gdb_132341,uncharacterized,
gdb_132342,uncharacterized,
gdb_132343,uncharacterized,
gdb_132344,uncharacterized,
gdb_132345,uncharacterized,
gdb_132419,uncharacterized,
gdb_132420,uncharacterized,
gdb_132426,uncharacterized,
gdb_132430,uncharacterized,
gdb_132432,uncharacterized,
gdb_132434,uncharacterized,
gdb_132435,uncharacterized,
gdb_132442,uncharacterized,
gdb_132448,uncharacterized,
gdb_132452,uncharacterized,
gdb_132454,uncharacterized,
gdb_132462,uncharacterized,
gdb_132463,uncharacterized,
gdb_132471,uncharacterized,
gdb_132472,uncharacterized,
gdb_132479,uncharacterized,
gdb_132481,uncharacterized,
gdb_132482,uncharacterized,
gdb_132856,uncharacterized,
gdb_132857,uncharacterized,
gdb_132864,uncharacterized,
gdb_132869,uncharacterized,
gdb_132871,uncharacterized,
gdb_132872,uncharacterized,
gdb_132875,uncharacterized,
gdb_132879,uncharacterized,
gdb_132883,uncharacterized,
gdb_132884,uncharacterized,
gdb_132885,uncharacterized,
gdb_132886,uncharacterized,
gdb_132887,uncharacterized,
gdb_132891,uncharacterized,
gdb_132892,uncharacterized,
gdb_132904,uncharacterized,
gdb_132908,uncharacterized,
gdb_132915,uncharacterized,
gdb_132918,uncharacterized,
gdb_132927,uncharacterized,
gdb_132931,uncharacterized,
gdb_132938,uncharacterized,
gdb_132943,uncharacterized,
gdb_132945,uncharacterized,
gdb_132951,uncharacterized,
gdb_132952,uncharacterized,
gdb_132953,uncharacterized,
gdb_132955,uncharacterized,
gdb_132957,uncharacterized,
gdb_132965,uncharacterized,
gdb_132967,uncharacterized,
gdb_132969,uncharacterized,
gdb_132971,uncharacterized,
gdb_132977,uncharacterized,
gdb_132983,uncharacterized,
gdb_132985,uncharacterized,
gdb_132987,uncharacterized,
gdb_132989,uncharacterized,
gdb_132991,uncharacterized,
gdb_132995,uncharacterized,
gdb_132996,uncharacterized,
gdb_132999,uncharacterized,
gdb_133003,uncharacterized,
gdb_133005,uncharacterized,
gdb_133008,uncharacterized,
gdb_133009,uncharacterized,
gdb_133014,uncharacterized,
gdb_133015,uncharacterized,
gdb_133017,uncharacterized,
gdb_133022,uncharacterized,
gdb_133023,uncharacterized,
gdb_133026,uncharacterized,
gdb_133030,uncharacterized,
gdb_133143,uncharacterized,
gdb_133152,uncharacterized,
gdb_133159,uncharacterized,
gdb_133163,uncharacterized,
gdb_133167,uncharacterized,
gdb_133168,uncharacterized,
gdb_133176,uncharacterized,
gdb_133180,uncharacterized,
gdb_133184,uncharacterized,
gdb_133194,uncharacterized,
gdb_133196,uncharacterized,
gdb_133201,uncharacterized,
gdb_133203,uncharacterized,
gdb_133228,uncharacterized,
gdb_133230,uncharacterized,
gdb_133232,uncharacterized,
gdb_133242,uncharacterized,
gdb_133244,uncharacterized,
gdb_133246,uncharacterized,
gdb_133248,uncharacterized,
gdb_133256,uncharacterized,
gdb_133260,uncharacterized,
gdb_133263,uncharacterized,
gdb_133266,uncharacterized,
gdb_133274,uncharacterized,
gdb_133277,uncharacterized,
gdb_133278,uncharacterized,
gdb_133280,uncharacterized,
gdb_133281,uncharacterized,
gdb_133282,uncharacterized,
gdb_133284,uncharacterized,
gdb_133286,uncharacterized,
gdb_133311,uncharacterized,
gdb_133322,uncharacterized,
gdb_133329,uncharacterized,
gdb_133333,uncharacterized,
gdb_133337,uncharacterized,
gdb_133338,uncharacterized,
gdb_133346,uncharacterized,
gdb_133353,uncharacterized,
gdb_133368,uncharacterized,
gdb_133370,uncharacterized,
gdb_133376,uncharacterized,
gdb_133396,uncharacterized,
gdb_133397,uncharacterized,
gdb_133398,uncharacterized,
gdb_133403,uncharacterized,
gdb_133404,uncharacterized,
gdb_133410,uncharacterized,
gdb_133428,uncharacterized,
gdb_133429,uncharacterized,
gdb_133491,uncharacterized,
gdb_133812,uncharacterized,
gdb_133813,uncharacterized,
gdb_133814,uncharacterized,
gdb_133816,uncharacterized,
gdb_133819,uncharacterized,
gdb_133820,uncharacterized,
gdb_133821,uncharacterized,
gdb_133822,uncharacterized,
gdb_133823,uncharacterized,
gdb_133824,uncharacterized,
gdb_133825,uncharacterized,
gdb_133826,uncharacterized,
gdb_133827,uncharacterized,
gdb_133828,uncharacterized,
gdb_133829,uncharacterized,
gdb_133832,uncharacterized,
gdb_133833,uncharacterized,
gdb_133834,uncharacterized,
gdb_133836,uncharacterized,
gdb_133837,uncharacterized,
gdb_133838,uncharacterized,
gdb_133839,uncharacterized,
gdb_133840,uncharacterized,
gdb_133842,uncharacterized,
gdb_133843,uncharacterized,
gdb_133844,uncharacterized,
gdb_133845,uncharacterized,
gdb_133846,uncharacterized,
gdb_133847,uncharacterized,
gdb_133849,uncharacterized,
gdb_133851,uncharacterized,
gdb_133852,uncharacterized,
gdb_133854,uncharacterized,
gdb_133855,uncharacterized,
gdb_133856,uncharacterized,
gdb_133858,uncharacterized,
gdb_133860,uncharacterized,
gdb_133864,uncharacterized,
gdb_133865,uncharacterized,
gdb_133866,uncharacterized,
gdb_937,duplicate_nonisomeric_smiles,gdb_933
gdb_946,duplicate_nonisomeric_smiles,gdb_942
gdb_956,duplicate_nonisomeric_smiles,gdb_952
gdb_4215,duplicate_nonisomeric_smiles,gdb_4211
gdb_4577,duplicate_nonisomeric_smiles,gdb_4570
gdb_4580,duplicate_nonisomeric_smiles,gdb_4573
gdb_5344,duplicate_nonisomeric_smiles,gdb_5340
gdb_5354,duplicate_nonisomeric_smiles,gdb_5350
gdb_5364,duplicate_nonisomeric_smiles,gdb_5360
gdb_5386,duplicate_nonisomeric_smiles,gdb_5382
gdb_5395,duplicate_nonisomeric_smiles,gdb_5391
gdb_5405,duplicate_nonisomeric_smiles,gdb_5401
gdb_5415,duplicate_nonisomeric_smiles,gdb_5411
gdb_21585,duplicate_nonisomeric_smiles,gdb_21576
gdb_21628,duplicate_nonisomeric_smiles,gdb_21586
gdb_21641,duplicate_nonisomeric_smiles,gdb_21584
gdb_23707,duplicate_nonisomeric_smiles,gdb_23703
gdb_23786,duplicate_nonisomeric_smiles,gdb_23784
gdb_23788,duplicate_nonisomeric_smiles,gdb_23787
gdb_23789,duplicate_nonisomeric_smiles,gdb_23785
gdb_24031,duplicate_nonisomeric_smiles,gdb_24027
gdb_24041,duplicate_nonisomeric_smiles,gdb_24037
gdb_24642,duplicate_nonisomeric_smiles,gdb_24638
gdb_24651,duplicate_nonisomeric_smiles,gdb_24647
gdb_24661,duplicate_nonisomeric_smiles,gdb_24657
gdb_24671,duplicate_nonisomeric_smiles,gdb_24667
gdb_25481,duplicate_nonisomeric_smiles,gdb_25477
gdb_25491,duplicate_nonisomeric_smiles,gdb_25487
gdb_25501,duplicate_nonisomeric_smiles,gdb_25497
gdb_25511,duplicate_nonisomeric_smiles,gdb_25507
gdb_25521,duplicate_nonisomeric_smiles,gdb_25517
gdb_25677,duplicate_nonisomeric_smiles,gdb_25673
gdb_25838,duplicate_nonisomeric_smiles,gdb_25834
gdb_25850,duplicate_nonisomeric_smiles,gdb_25846
gdb_26271,duplicate_nonisomeric_smiles,gdb_26267
gdb_26281,duplicate_nonisomeric_smiles,gdb_26277
gdb_26290,duplicate_nonisomeric_smiles,gdb_26286
gdb_28620,duplicate_nonisomeric_smiles,gdb_28616
gdb_28627,duplicate_nonisomeric_smiles,gdb_28623
gdb_28631,duplicate_nonisomeric_smiles,gdb_28628
gdb_28644,duplicate_nonisomeric_smiles,gdb_28636
gdb_28645,duplicate_nonisomeric_smiles,gdb_28637
gdb_28658,duplicate_nonisomeric_smiles,gdb_28650
gdb_28659,duplicate_nonisomeric_smiles,gdb_28651
gdb_28670,duplicate_nonisomeric_smiles,gdb_28663
gdb_28671,duplicate_nonisomeric_smiles,gdb_28664
gdb_30544,duplicate_nonisomeric_smiles,gdb_30542
gdb_31800,duplicate_nonisomeric_smiles,gdb_31796
gdb_31815,duplicate_nonisomeric_smiles,gdb_31805
gdb_31818,duplicate_nonisomeric_smiles,gdb_31808
gdb_31821,duplicate_nonisomeric_smiles,gdb_31811
gdb_31836,duplicate_nonisomeric_smiles,gdb_31826
gdb_31839,duplicate_nonisomeric_smiles,gdb_31829
gdb_31842,duplicate_nonisomeric_smiles,gdb_31832
gdb_31857,duplicate_nonisomeric_smiles,gdb_31847
gdb_31860,duplicate_nonisomeric_smiles,gdb_31850
gdb_31863,duplicate_nonisomeric_smiles,gdb_31853
gdb_31870,duplicate_nonisomeric_smiles,gdb_31866
gdb_31877,duplicate_nonisomeric_smiles,gdb_31873
gdb_32990,duplicate_nonisomeric_smiles,gdb_32986
gdb_32999,duplicate_nonisomeric_smiles,gdb_32995
gdb_33009,duplicate_nonisomeric_smiles,gdb_33005
gdb_33021,duplicate_nonisomeric_smiles,gdb_33017
gdb_33031,duplicate_nonisomeric_smiles,gdb_33027
gdb_125112,duplicate_nonisomeric_smiles,gdb_125034
gdb_125115,duplicate_nonisomeric_smiles,gdb_125113
gdb_129721,duplicate_nonisomeric_smiles,gdb_129715
gdb_130115,duplicate_nonisomeric_smiles,gdb_129713
gdb_131922,duplicate_nonisomeric_smiles,gdb_131918
gdb_132711,duplicate_nonisomeric_smiles,gdb_132707
gdb_132724,duplicate_nonisomeric_smiles,gdb_132716
gdb_132725,duplicate_nonisomeric_smiles,gdb_132717
gdb_133039,duplicate_nonisomeric_smiles,gdb_133035
gdb_133046,duplicate_nonisomeric_smiles,gdb_133042
gdb_133053,duplicate_nonisomeric_smiles,gdb_133049
gdb_133060,duplicate_nonisomeric_smiles,gdb_133056
gdb_133148,duplicate_nonisomeric_smiles,gdb_133133
gdb_133156,duplicate_nonisomeric_smiles,gdb_133150
gdb_133157,duplicate_nonisomeric_smiles,gdb_133149
gdb_133158,duplicate_nonisomeric_smiles,gdb_133151
gdb_133326,duplicate_nonisomeric_smiles,gdb_133320
gdb_133327,duplicate_nonisomeric_smiles,gdb_133319
gdb_133328,duplicate_nonisomeric_smiles,gdb_133321
gdb_133364,duplicate_nonisomeric_smiles,gdb_133301
gdb_133365,duplicate_nonisomeric_smiles,gdb_133317
gdb_133366,duplicate_nonisomeric_smiles,gdb_133316
gdb_133367,duplicate_nonisomeric_smiles,gdb_133318
